device_id,month,category,cost_usd
dev-00068,2025-01-01,support,18.1
dev-00576,2025-01-01,warranty,24.3
dev-00087,2025-01-01,warranty,17.59
dev-00722,2025-01-01,support,29.21
dev-00914,2025-01-01,repairs,28.71
dev-00796,2025-01-01,warranty,22.91
dev-00150,2025-01-01,warranty,19.04
dev-00792,2025-01-01,warranty,17.78
dev-00657,2025-01-01,support,17.19
dev-00041,2025-01-01,warranty,19.82
dev-00379,2025-01-01,repairs,18.91
dev-00285,2025-01-01,support,11.79
dev-00403,2025-01-01,support,16.96
dev-00288,2025-01-01,support,17.33
dev-00476,2025-01-01,support,19.57
dev-00666,2025-01-01,warranty,14.38
dev-00827,2025-01-01,repairs,22.9
dev-00940,2025-01-01,repairs,20.62
dev-00350,2025-01-01,warranty,26.92
dev-00311,2025-01-01,support,17.29
dev-00857,2025-01-01,warranty,11.8
dev-00549,2025-01-01,warranty,11.85
dev-00620,2025-01-01,repairs,21.06
dev-00335,2025-01-01,support,11.59
dev-00942,2025-01-01,support,19.06
dev-00316,2025-01-01,support,12.83
dev-00876,2025-01-01,support,15.57
dev-00972,2025-01-01,warranty,14.58
dev-00482,2025-01-01,support,13.33
dev-00524,2025-01-01,warranty,14.64
dev-00500,2025-01-01,warranty,22.42
dev-00396,2025-01-01,repairs,23.09
dev-00776,2025-01-01,repairs,13.52
dev-00893,2025-01-01,repairs,19.4
dev-00860,2025-01-01,support,27.9
dev-00705,2025-01-01,warranty,10.34
dev-00604,2025-01-01,warranty,22.05
dev-00712,2025-01-01,warranty,11.35
dev-00574,2025-01-01,warranty,15.38
dev-00946,2025-01-01,warranty,20.68
dev-00699,2025-01-01,support,21.07
dev-00978,2025-01-01,support,24.46
dev-00614,2025-01-01,warranty,20.67
dev-00677,2025-01-01,warranty,14.91
dev-00805,2025-01-01,warranty,16.51
dev-00588,2025-01-01,warranty,25.33
dev-00141,2025-01-01,repairs,26.27
dev-00481,2025-01-01,repairs,20.09
dev-00346,2025-01-01,warranty,17.88
dev-00094,2025-01-01,warranty,10.97
dev-00709,2025-01-01,warranty,26.93
dev-00502,2025-01-01,warranty,27.23
dev-00351,2025-01-01,support,21.48
dev-00546,2025-01-01,support,19.25
dev-00530,2025-01-01,support,13.5
dev-00632,2025-01-01,warranty,24.27
dev-00647,2025-01-01,warranty,22.8
dev-00065,2025-01-01,warranty,11.34
dev-00258,2025-01-01,support,12.72
dev-00645,2025-01-01,support,19.22
dev-00275,2025-01-01,support,23.55
dev-00278,2025-01-01,support,21.01
dev-00896,2025-01-01,repairs,18.08
dev-00296,2025-01-01,repairs,19.33
dev-00609,2025-01-01,repairs,28.87
dev-00526,2025-01-01,support,25.73
dev-00234,2025-01-01,repairs,24.37
dev-00321,2025-01-01,repairs,18.1
dev-00928,2025-01-01,support,20.47
dev-00332,2025-01-01,support,13.34
dev-00929,2025-01-01,support,12.52
dev-00246,2025-01-01,warranty,14.14
dev-00580,2025-01-01,repairs,29.89
dev-00196,2025-01-01,support,12.31
dev-00357,2025-01-01,support,17.65
dev-00314,2025-01-01,support,17.47
dev-00197,2025-01-01,support,19.74
dev-00846,2025-01-01,warranty,14.31
dev-00344,2025-01-01,repairs,25.01
dev-00531,2025-01-01,support,27.3
dev-00693,2025-01-01,repairs,12.8
dev-00422,2025-01-01,support,17.93
dev-00286,2025-01-01,warranty,10.33
dev-00271,2025-01-01,warranty,28.07
dev-00613,2025-01-01,support,19.74
dev-00435,2025-01-01,support,24.26
dev-00686,2025-01-01,support,27.65
dev-00675,2025-01-01,support,12.61
dev-00193,2025-01-01,warranty,14.91
dev-00787,2025-01-01,warranty,27.94
dev-00628,2025-01-01,warranty,15.91
dev-00806,2025-01-01,warranty,17.01
dev-00143,2025-01-01,support,27.74
dev-00822,2025-01-01,support,11.56
dev-00789,2025-01-01,support,17.1
dev-00965,2025-01-01,repairs,21.03
dev-00303,2025-01-01,warranty,28.68
dev-00195,2025-01-01,support,11.36
dev-00704,2025-01-01,support,13.87
dev-00703,2025-01-01,repairs,13.32
dev-00371,2025-01-01,warranty,12.92
dev-00730,2025-01-01,repairs,21.23
dev-00556,2025-01-01,warranty,10.49
dev-00567,2025-01-01,warranty,22.61
dev-00329,2025-01-01,support,10.48
dev-00210,2025-01-01,support,16.68
dev-00818,2025-01-01,repairs,19.21
dev-00474,2025-01-01,repairs,16.53
dev-00596,2025-01-01,support,11.02
dev-00533,2025-01-01,repairs,21.71
dev-00178,2025-01-01,support,25.17
dev-00121,2025-01-01,support,25.27
dev-00742,2025-01-01,warranty,23.33
dev-00741,2025-01-01,repairs,24.57
dev-00299,2025-01-01,repairs,20.12
dev-00654,2025-01-01,warranty,28.66
dev-00253,2025-01-01,support,16.6
dev-00211,2025-01-01,repairs,18.8
dev-00916,2025-01-01,repairs,22.7
dev-00809,2025-01-01,warranty,12.84
dev-00649,2025-01-01,warranty,11.86
dev-00851,2025-01-01,support,15.52
dev-00952,2025-01-01,warranty,10.84
dev-00188,2025-01-01,support,10.24
dev-00664,2025-01-01,warranty,13.89
dev-00830,2025-01-01,repairs,13.87
dev-00509,2025-01-01,warranty,18.54
dev-00384,2025-01-01,repairs,15.1
dev-00252,2025-01-01,warranty,10.01
dev-00402,2025-01-01,warranty,13.27
dev-00496,2025-01-01,warranty,15.31
dev-00735,2025-01-01,support,25.74
dev-00939,2025-01-01,warranty,19.37
dev-00582,2025-01-01,warranty,28.5
dev-00471,2025-01-01,support,12.28
dev-00551,2025-01-01,repairs,19.19
dev-00982,2025-01-01,support,22.34
dev-00994,2025-01-01,support,27.01
dev-00261,2025-01-01,support,21.54
dev-00621,2025-01-01,repairs,27.78
dev-00074,2025-01-01,repairs,16.61
dev-00259,2025-01-01,repairs,16.53
dev-00128,2025-01-01,warranty,23.36
dev-00386,2025-01-01,repairs,21.8
dev-00833,2025-01-01,repairs,15.58
dev-00564,2025-01-01,repairs,25.57
dev-00988,2025-01-01,warranty,14.52
dev-00004,2025-01-01,warranty,18.68
dev-00069,2025-01-01,support,16.56
dev-00194,2025-01-01,repairs,16.01
dev-00832,2025-01-01,repairs,29.83
dev-00862,2025-01-01,warranty,29.04
dev-00507,2025-01-01,support,26.03
dev-00466,2025-01-01,support,12.13
dev-00855,2025-01-01,warranty,21.1
dev-00598,2025-01-01,warranty,27.61
dev-00841,2025-01-01,warranty,19.29
dev-00284,2025-01-01,warranty,28.52
dev-00971,2025-01-01,repairs,20.84
dev-00867,2025-01-01,support,18.25
dev-00431,2025-01-01,support,18.39
dev-00204,2025-01-01,support,15.98
dev-00273,2025-01-01,warranty,13.25
dev-00053,2025-01-01,support,28.97
dev-00438,2025-01-01,repairs,11.33
dev-00644,2025-01-01,support,28.52
dev-00949,2025-01-01,warranty,18.71
dev-00610,2025-01-01,support,13.08
dev-00111,2025-01-01,support,29.57
dev-00488,2025-01-01,support,28.75
dev-00448,2025-01-01,warranty,16.16
dev-00397,2025-01-01,support,27.58
dev-00933,2025-01-01,support,28.56
dev-00123,2025-01-01,support,21.77
dev-00144,2025-01-01,support,18.6
dev-00186,2025-01-01,warranty,15.73
dev-00126,2025-01-01,repairs,26.09
dev-00900,2025-01-01,support,13.18
dev-00779,2025-01-01,support,21.87
dev-00821,2025-01-01,warranty,12.01
dev-00056,2025-01-01,warranty,25.92
dev-00043,2025-01-01,warranty,13.0
dev-00072,2025-01-01,support,19.85
dev-00989,2025-01-01,warranty,28.69
dev-00850,2025-01-01,repairs,22.96
dev-00562,2025-01-01,warranty,10.04
dev-00979,2025-01-01,warranty,10.65
dev-00983,2025-01-01,support,29.67
dev-00131,2025-01-01,support,23.57
dev-00803,2025-01-01,repairs,17.15
dev-00099,2025-01-01,repairs,11.75
dev-00761,2025-01-01,warranty,27.86
dev-00902,2025-01-01,support,12.0
dev-00434,2025-01-01,repairs,11.65
dev-00895,2025-01-01,warranty,22.29
dev-00991,2025-01-01,warranty,25.79
dev-00957,2025-01-01,support,26.48
dev-00581,2025-01-01,support,12.15
dev-00062,2025-01-01,repairs,15.83
dev-00011,2025-01-01,repairs,11.43
dev-00115,2025-01-01,repairs,15.69
dev-00878,2025-01-01,warranty,19.25
dev-00640,2025-01-01,support,13.15
dev-00737,2025-01-01,repairs,20.3
dev-00843,2025-01-01,support,22.13
dev-00292,2025-01-01,repairs,15.67
dev-00441,2025-01-01,support,27.04
dev-00247,2025-01-01,repairs,13.26
dev-00237,2025-01-01,support,26.21
dev-00226,2025-01-01,support,29.03
dev-00634,2025-01-01,support,15.87
dev-00619,2025-01-01,repairs,26.29
dev-00585,2025-01-01,support,26.14
dev-00770,2025-01-01,warranty,25.89
dev-00274,2025-01-01,support,23.33
dev-00566,2025-01-01,warranty,14.81
dev-00363,2025-01-01,warranty,24.06
dev-00243,2025-01-01,warranty,11.59
dev-00156,2025-01-01,repairs,27.5
dev-00024,2025-01-01,warranty,12.15
dev-00897,2025-01-01,support,12.52
dev-00599,2025-01-01,repairs,11.47
dev-00325,2025-01-01,support,23.75
dev-00791,2025-01-01,repairs,14.79
dev-00176,2025-01-01,support,18.71
dev-00393,2025-01-01,warranty,28.6
dev-00209,2025-01-01,repairs,28.85
dev-00555,2025-01-01,repairs,24.59
dev-00945,2025-01-01,support,28.75
dev-00018,2025-01-01,warranty,27.91
dev-00165,2025-01-01,repairs,10.68
dev-00951,2025-01-01,warranty,17.82
dev-00788,2025-01-01,support,11.32
dev-00759,2025-01-01,warranty,26.82
dev-00629,2025-01-01,support,17.79
dev-00277,2025-01-01,support,19.27
dev-00498,2025-01-01,support,25.67
dev-00858,2025-01-01,support,18.99
dev-00098,2025-01-01,support,24.91
dev-00884,2025-01-01,repairs,18.45
dev-00417,2025-01-01,support,29.16
dev-00227,2025-01-01,repairs,27.36
dev-00248,2025-01-01,warranty,10.15
dev-00866,2025-01-01,warranty,29.09
dev-00625,2025-01-01,support,11.86
dev-00170,2025-01-01,support,12.96
dev-00890,2025-01-01,warranty,14.8
dev-00777,2025-01-01,repairs,19.91
dev-00287,2025-01-01,support,28.15
dev-00110,2025-01-01,repairs,13.61
dev-00853,2025-01-01,warranty,25.42
dev-00245,2025-01-01,repairs,17.21
dev-00688,2025-01-01,support,26.0
dev-00975,2025-01-01,support,16.74
dev-00446,2025-01-01,warranty,19.66
dev-00594,2025-01-01,repairs,14.03
dev-00615,2025-01-01,warranty,16.65
dev-00969,2025-01-01,repairs,27.16
dev-00457,2025-01-01,repairs,20.1
dev-00219,2025-01-01,repairs,17.81
dev-00238,2025-01-01,repairs,29.87
dev-00103,2025-01-01,repairs,28.53
dev-00084,2025-01-01,warranty,18.7
dev-00419,2025-01-01,repairs,26.01
dev-00899,2025-01-01,support,29.28
dev-00455,2025-01-01,repairs,20.94
dev-00454,2025-01-01,repairs,29.94
dev-00154,2025-01-01,support,10.89
dev-00394,2025-01-01,support,10.36
dev-00630,2025-01-01,repairs,22.54
dev-00390,2025-01-01,warranty,19.49
dev-00781,2025-01-01,support,28.58
dev-00773,2025-01-01,repairs,21.44
dev-00279,2025-01-01,support,26.7
dev-00883,2025-01-01,warranty,18.99
dev-00690,2025-01-01,support,27.83
dev-00504,2025-01-01,warranty,26.33
dev-00875,2025-01-01,repairs,28.09
dev-00537,2025-01-01,support,17.9
dev-00948,2025-01-01,warranty,20.61
dev-00330,2025-01-01,warranty,14.44
dev-00022,2025-01-01,support,14.78
dev-00512,2025-01-01,warranty,18.6
dev-00520,2025-01-01,warranty,26.05
dev-00631,2025-01-01,support,20.71
dev-00398,2025-01-01,repairs,28.8
dev-00453,2025-01-01,warranty,20.04
dev-00622,2025-01-01,repairs,25.89
dev-00726,2025-01-01,repairs,25.76
dev-00382,2025-01-01,repairs,23.27
dev-00148,2025-01-01,support,29.78
dev-00080,2025-01-01,warranty,20.68
dev-00616,2025-01-01,repairs,15.75
dev-00700,2025-01-01,warranty,27.1
dev-00387,2025-01-01,support,21.22
dev-00173,2025-01-01,support,13.54
dev-00414,2025-01-01,repairs,14.01
dev-00213,2025-01-01,repairs,18.59
dev-00224,2025-01-01,support,22.94
dev-00322,2025-01-01,support,10.41
dev-00133,2025-02-01,warranty,26.5
dev-00954,2025-02-01,support,16.89
dev-00768,2025-02-01,support,29.47
dev-00749,2025-02-01,support,28.21
dev-00265,2025-02-01,support,15.39
dev-00174,2025-02-01,repairs,27.12
dev-00674,2025-02-01,warranty,24.14
dev-00300,2025-02-01,support,22.97
dev-00688,2025-02-01,support,10.03
dev-00264,2025-02-01,warranty,18.11
dev-00426,2025-02-01,warranty,24.94
dev-00166,2025-02-01,repairs,12.56
dev-00928,2025-02-01,warranty,26.29
dev-00437,2025-02-01,repairs,12.4
dev-00209,2025-02-01,repairs,14.98
dev-00747,2025-02-01,repairs,10.8
dev-00168,2025-02-01,warranty,24.9
dev-00371,2025-02-01,repairs,11.44
dev-00100,2025-02-01,support,12.66
dev-00784,2025-02-01,warranty,15.53
dev-00955,2025-02-01,warranty,21.49
dev-00296,2025-02-01,repairs,14.2
dev-00317,2025-02-01,warranty,26.6
dev-00556,2025-02-01,warranty,18.27
dev-00709,2025-02-01,support,14.13
dev-00562,2025-02-01,warranty,12.94
dev-00655,2025-02-01,repairs,25.71
dev-00071,2025-02-01,support,16.5
dev-00079,2025-02-01,support,17.57
dev-00160,2025-02-01,repairs,23.61
dev-00895,2025-02-01,support,23.26
dev-00125,2025-02-01,repairs,12.92
dev-00874,2025-02-01,support,17.06
dev-00960,2025-02-01,repairs,27.16
dev-00004,2025-02-01,repairs,14.86
dev-00246,2025-02-01,support,28.98
dev-00068,2025-02-01,support,10.98
dev-00798,2025-02-01,warranty,18.67
dev-00789,2025-02-01,warranty,11.23
dev-00814,2025-02-01,warranty,24.97
dev-00777,2025-02-01,repairs,15.78
dev-00277,2025-02-01,support,12.21
dev-00184,2025-02-01,support,12.81
dev-00117,2025-02-01,support,13.54
dev-00981,2025-02-01,warranty,19.46
dev-00463,2025-02-01,repairs,11.31
dev-00346,2025-02-01,support,16.96
dev-00969,2025-02-01,repairs,14.49
dev-00513,2025-02-01,warranty,23.77
dev-00785,2025-02-01,support,26.79
dev-00856,2025-02-01,support,15.39
dev-00799,2025-02-01,support,14.41
dev-00548,2025-02-01,warranty,10.34
dev-00477,2025-02-01,warranty,22.9
dev-00524,2025-02-01,support,14.38
dev-00126,2025-02-01,repairs,20.19
dev-00493,2025-02-01,warranty,12.2
dev-00685,2025-02-01,repairs,17.42
dev-00630,2025-02-01,support,23.8
dev-00285,2025-02-01,support,27.24
dev-00805,2025-02-01,repairs,25.99
dev-00086,2025-02-01,repairs,18.07
dev-00365,2025-02-01,warranty,21.34
dev-00808,2025-02-01,warranty,14.82
dev-00095,2025-02-01,support,15.04
dev-00362,2025-02-01,warranty,25.15
dev-00181,2025-02-01,repairs,28.63
dev-00398,2025-02-01,repairs,21.49
dev-00826,2025-02-01,repairs,28.44
dev-00194,2025-02-01,repairs,19.94
dev-00559,2025-02-01,repairs,10.07
dev-00257,2025-02-01,warranty,16.55
dev-00743,2025-02-01,repairs,25.39
dev-00019,2025-02-01,support,21.36
dev-00636,2025-02-01,warranty,19.62
dev-00824,2025-02-01,warranty,12.17
dev-00813,2025-02-01,support,24.42
dev-00951,2025-02-01,support,15.02
dev-00089,2025-02-01,support,21.72
dev-00065,2025-02-01,repairs,18.04
dev-00167,2025-02-01,repairs,21.3
dev-00150,2025-02-01,support,11.92
dev-00351,2025-02-01,support,22.49
dev-00165,2025-02-01,warranty,16.49
dev-00535,2025-02-01,support,17.14
dev-00835,2025-02-01,warranty,20.65
dev-00707,2025-02-01,support,14.55
dev-00948,2025-02-01,repairs,10.33
dev-00199,2025-02-01,warranty,12.06
dev-00491,2025-02-01,warranty,14.63
dev-00776,2025-02-01,warranty,14.1
dev-00647,2025-02-01,support,20.7
dev-00360,2025-02-01,repairs,11.45
dev-00031,2025-02-01,repairs,29.8
dev-00349,2025-02-01,repairs,18.83
dev-00968,2025-02-01,warranty,14.41
dev-00399,2025-02-01,warranty,14.37
dev-00812,2025-02-01,warranty,10.73
dev-00775,2025-02-01,warranty,28.36
dev-00443,2025-02-01,support,12.41
dev-00107,2025-02-01,support,22.86
dev-00827,2025-02-01,support,27.86
dev-00525,2025-02-01,warranty,16.82
dev-00795,2025-02-01,warranty,22.24
dev-00832,2025-02-01,warranty,26.11
dev-00413,2025-02-01,repairs,20.74
dev-00218,2025-02-01,repairs,28.77
dev-00172,2025-02-01,warranty,10.88
dev-00195,2025-02-01,repairs,15.54
dev-00926,2025-02-01,warranty,23.15
dev-00653,2025-02-01,repairs,24.57
dev-00496,2025-02-01,support,26.34
dev-00793,2025-02-01,warranty,25.91
dev-00601,2025-02-01,support,12.0
dev-00766,2025-02-01,repairs,21.66
dev-00715,2025-02-01,repairs,15.55
dev-00069,2025-02-01,support,23.93
dev-00763,2025-02-01,support,25.07
dev-00233,2025-02-01,repairs,23.92
dev-00855,2025-02-01,warranty,24.78
dev-00673,2025-02-01,repairs,21.43
dev-00800,2025-02-01,repairs,15.51
dev-00507,2025-02-01,warranty,26.45
dev-00571,2025-02-01,warranty,24.75
dev-00790,2025-02-01,repairs,13.59
dev-00469,2025-02-01,warranty,13.95
dev-00397,2025-02-01,support,19.22
dev-00330,2025-02-01,repairs,18.99
dev-00658,2025-02-01,repairs,12.69
dev-00378,2025-02-01,warranty,24.51
dev-00204,2025-02-01,repairs,14.08
dev-00043,2025-02-01,repairs,25.13
dev-00038,2025-02-01,support,26.69
dev-00464,2025-02-01,support,13.08
dev-00193,2025-02-01,warranty,26.67
dev-00966,2025-02-01,warranty,19.47
dev-00585,2025-02-01,warranty,13.43
dev-00364,2025-02-01,warranty,20.66
dev-00018,2025-02-01,repairs,26.86
dev-00681,2025-02-01,support,12.17
dev-00382,2025-02-01,warranty,14.24
dev-00665,2025-02-01,warranty,18.3
dev-00347,2025-02-01,support,14.59
dev-00990,2025-02-01,warranty,15.32
dev-00998,2025-02-01,repairs,24.27
dev-00008,2025-02-01,repairs,20.62
dev-00323,2025-02-01,repairs,27.98
dev-00475,2025-02-01,repairs,29.69
dev-00088,2025-02-01,support,13.15
dev-00138,2025-02-01,repairs,20.66
dev-00099,2025-02-01,repairs,14.31
dev-00609,2025-02-01,support,18.5
dev-00534,2025-02-01,repairs,26.73
dev-00575,2025-02-01,support,15.58
dev-00923,2025-02-01,support,22.13
dev-00120,2025-02-01,repairs,25.97
dev-00608,2025-02-01,warranty,13.93
dev-00140,2025-02-01,support,17.51
dev-00485,2025-02-01,repairs,19.3
dev-00878,2025-02-01,warranty,27.49
dev-00567,2025-02-01,warranty,25.93
dev-00565,2025-02-01,warranty,28.02
dev-00744,2025-02-01,warranty,24.74
dev-00780,2025-02-01,repairs,28.99
dev-00906,2025-02-01,warranty,21.2
dev-00123,2025-02-01,support,28.19
dev-00640,2025-02-01,repairs,24.25
dev-00831,2025-02-01,warranty,11.06
dev-00034,2025-02-01,warranty,20.78
dev-00806,2025-02-01,warranty,25.98
dev-00654,2025-02-01,warranty,28.16
dev-00325,2025-02-01,repairs,27.17
dev-00252,2025-02-01,repairs,27.69
dev-00320,2025-02-01,warranty,20.78
dev-00550,2025-02-01,warranty,16.78
dev-00436,2025-02-01,repairs,11.87
dev-00301,2025-02-01,support,16.64
dev-00040,2025-02-01,warranty,26.56
dev-00110,2025-02-01,warranty,18.55
dev-00057,2025-02-01,warranty,12.79
dev-00308,2025-02-01,warranty,23.98
dev-00861,2025-02-01,warranty,20.36
dev-00141,2025-02-01,repairs,18.85
dev-00713,2025-02-01,support,24.42
dev-00996,2025-02-01,repairs,11.6
dev-00389,2025-02-01,support,19.22
dev-00157,2025-02-01,repairs,15.53
dev-00288,2025-02-01,support,10.6
dev-00836,2025-02-01,warranty,25.6
dev-00422,2025-02-01,repairs,23.82
dev-00077,2025-02-01,repairs,10.61
dev-00544,2025-02-01,support,13.3
dev-00373,2025-02-01,repairs,26.16
dev-00810,2025-02-01,repairs,11.62
dev-00511,2025-02-01,repairs,13.81
dev-00316,2025-02-01,warranty,18.78
dev-00757,2025-02-01,repairs,22.95
dev-00820,2025-02-01,warranty,25.75
dev-00417,2025-02-01,repairs,29.37
dev-00024,2025-02-01,warranty,24.38
dev-00027,2025-02-01,support,16.26
dev-00292,2025-02-01,repairs,12.3
dev-00336,2025-02-01,repairs,22.91
dev-00190,2025-02-01,support,15.22
dev-00729,2025-02-01,warranty,20.92
dev-00096,2025-02-01,warranty,22.01
dev-00818,2025-02-01,repairs,20.8
dev-00538,2025-02-01,support,19.82
dev-00618,2025-02-01,warranty,13.01
dev-00614,2025-02-01,support,20.03
dev-00103,2025-02-01,warranty,16.28
dev-00372,2025-02-01,support,10.81
dev-00957,2025-02-01,support,19.35
dev-00098,2025-02-01,warranty,21.98
dev-00271,2025-02-01,warranty,23.24
dev-00342,2025-02-01,warranty,17.56
dev-00326,2025-02-01,repairs,16.83
dev-00127,2025-02-01,support,24.48
dev-00188,2025-02-01,support,20.6
dev-00591,2025-02-01,support,17.55
dev-00894,2025-02-01,warranty,14.72
dev-00597,2025-02-01,warranty,25.95
dev-00081,2025-02-01,repairs,14.56
dev-00238,2025-02-01,support,17.39
dev-00051,2025-02-01,warranty,17.32
dev-00284,2025-02-01,warranty,25.7
dev-00319,2025-02-01,support,24.59
dev-00564,2025-02-01,repairs,24.29
dev-00555,2025-02-01,repairs,19.4
dev-00082,2025-02-01,support,14.16
dev-00730,2025-02-01,support,22.04
dev-00563,2025-02-01,repairs,21.17
dev-00592,2025-02-01,repairs,17.1
dev-00708,2025-02-01,warranty,25.45
dev-00560,2025-02-01,repairs,29.06
dev-00305,2025-02-01,repairs,13.7
dev-00566,2025-02-01,warranty,11.21
dev-00994,2025-02-01,warranty,28.56
dev-00765,2025-02-01,support,15.06
dev-00876,2025-02-01,repairs,12.49
dev-00414,2025-02-01,repairs,28.3
dev-00042,2025-02-01,repairs,10.1
dev-00899,2025-02-01,repairs,24.67
dev-00431,2025-02-01,repairs,13.55
dev-00897,2025-02-01,support,19.97
dev-00883,2025-02-01,warranty,20.31
dev-00846,2025-02-01,support,24.36
dev-00276,2025-02-01,warranty,20.57
dev-00054,2025-02-01,warranty,17.99
dev-00794,2025-02-01,warranty,13.1
dev-00973,2025-02-01,warranty,12.83
dev-00097,2025-02-01,support,22.38
dev-00603,2025-02-01,support,24.52
dev-00005,2025-02-01,repairs,21.43
dev-00822,2025-02-01,repairs,23.34
dev-00489,2025-02-01,support,18.15
dev-00044,2025-02-01,warranty,10.41
dev-00481,2025-02-01,support,25.13
dev-00370,2025-02-01,warranty,17.37
dev-00416,2025-02-01,repairs,26.9
dev-00772,2025-02-01,support,14.28
dev-00746,2025-02-01,support,29.22
dev-00786,2025-02-01,support,11.64
dev-00163,2025-02-01,warranty,26.44
dev-00606,2025-02-01,support,28.91
dev-00847,2025-02-01,repairs,17.8
dev-00254,2025-02-01,support,28.92
dev-00084,2025-02-01,support,25.15
dev-00343,2025-02-01,warranty,13.73
dev-00173,2025-02-01,warranty,24.42
dev-00797,2025-02-01,support,16.8
dev-00859,2025-02-01,repairs,13.74
dev-00583,2025-02-01,warranty,29.18
dev-00718,2025-02-01,repairs,10.47
dev-00900,2025-02-01,warranty,19.4
dev-00646,2025-02-01,support,18.22
dev-00862,2025-02-01,support,27.26
dev-00482,2025-02-01,repairs,21.51
dev-00224,2025-02-01,repairs,20.1
dev-00130,2025-02-01,warranty,25.44
dev-00995,2025-02-01,repairs,12.18
dev-00699,2025-02-01,warranty,21.12
dev-00522,2025-02-01,repairs,20.37
dev-00245,2025-02-01,support,16.63
dev-00418,2025-02-01,warranty,19.31
dev-00006,2025-02-01,repairs,11.23
dev-00698,2025-02-01,repairs,16.8
dev-00536,2025-02-01,support,23.74
dev-00280,2025-02-01,warranty,29.86
dev-00781,2025-02-01,support,14.78
dev-00866,2025-02-01,warranty,14.18
dev-00505,2025-02-01,support,13.89
dev-00561,2025-02-01,repairs,15.15
dev-00244,2025-02-01,support,27.67
dev-00061,2025-02-01,warranty,17.89
dev-00441,2025-02-01,warranty,26.13
dev-00217,2025-02-01,warranty,11.8
dev-00628,2025-02-01,repairs,22.0
dev-00683,2025-02-01,repairs,19.33
dev-00933,2025-02-01,warranty,20.89
dev-00622,2025-03-01,support,22.74
dev-00204,2025-03-01,repairs,14.96
dev-00247,2025-03-01,support,21.31
dev-00608,2025-03-01,support,10.43
dev-00094,2025-03-01,repairs,27.75
dev-00647,2025-03-01,repairs,22.38
dev-00696,2025-03-01,warranty,29.07
dev-00203,2025-03-01,warranty,12.17
dev-00505,2025-03-01,warranty,15.89
dev-00222,2025-03-01,warranty,25.53
dev-00138,2025-03-01,support,18.08
dev-00415,2025-03-01,repairs,29.21
dev-00660,2025-03-01,warranty,18.16
dev-00331,2025-03-01,repairs,10.46
dev-00232,2025-03-01,repairs,19.46
dev-00041,2025-03-01,support,22.8
dev-00904,2025-03-01,support,25.28
dev-00417,2025-03-01,warranty,22.84
dev-00876,2025-03-01,warranty,24.99
dev-00036,2025-03-01,support,21.23
dev-00741,2025-03-01,repairs,14.56
dev-00079,2025-03-01,repairs,14.41
dev-00086,2025-03-01,repairs,23.25
dev-00941,2025-03-01,support,23.0
dev-00769,2025-03-01,repairs,12.77
dev-00627,2025-03-01,repairs,25.14
dev-00780,2025-03-01,support,26.56
dev-00518,2025-03-01,support,29.2
dev-00509,2025-03-01,repairs,12.36
dev-00777,2025-03-01,warranty,28.04
dev-00336,2025-03-01,repairs,22.2
dev-00399,2025-03-01,support,10.6
dev-00098,2025-03-01,warranty,18.12
dev-00473,2025-03-01,support,20.89
dev-00513,2025-03-01,warranty,18.68
dev-00879,2025-03-01,support,11.87
dev-00983,2025-03-01,repairs,17.65
dev-00798,2025-03-01,support,16.89
dev-00566,2025-03-01,repairs,11.46
dev-00738,2025-03-01,warranty,10.3
dev-00885,2025-03-01,support,26.17
dev-00538,2025-03-01,warranty,23.44
dev-00914,2025-03-01,repairs,27.65
dev-00009,2025-03-01,warranty,26.14
dev-00011,2025-03-01,support,21.43
dev-00934,2025-03-01,warranty,15.04
dev-00190,2025-03-01,warranty,25.54
dev-00214,2025-03-01,support,20.83
dev-00841,2025-03-01,warranty,21.75
dev-00028,2025-03-01,support,27.0
dev-00831,2025-03-01,support,22.52
dev-00031,2025-03-01,warranty,27.09
dev-00601,2025-03-01,warranty,19.57
dev-00110,2025-03-01,warranty,10.02
dev-00343,2025-03-01,repairs,27.04
dev-00963,2025-03-01,support,22.01
dev-00425,2025-03-01,support,11.25
dev-00115,2025-03-01,warranty,12.34
dev-00563,2025-03-01,support,20.08
dev-00131,2025-03-01,warranty,11.62
dev-00858,2025-03-01,warranty,26.29
dev-00612,2025-03-01,support,26.47
dev-00537,2025-03-01,warranty,10.96
dev-00014,2025-03-01,warranty,17.5
dev-00251,2025-03-01,warranty,22.24
dev-00705,2025-03-01,support,11.6
dev-00387,2025-03-01,repairs,22.13
dev-00342,2025-03-01,repairs,16.43
dev-00484,2025-03-01,support,18.16
dev-00653,2025-03-01,warranty,27.26
dev-00720,2025-03-01,repairs,13.92
dev-00510,2025-03-01,repairs,28.99
dev-00271,2025-03-01,repairs,18.22
dev-00747,2025-03-01,warranty,11.01
dev-00291,2025-03-01,support,14.41
dev-00843,2025-03-01,support,15.4
dev-00611,2025-03-01,support,18.81
dev-00123,2025-03-01,repairs,15.63
dev-00743,2025-03-01,warranty,11.16
dev-00426,2025-03-01,support,27.71
dev-00004,2025-03-01,repairs,18.06
dev-00984,2025-03-01,support,23.43
dev-00636,2025-03-01,repairs,12.74
dev-00697,2025-03-01,warranty,21.11
dev-00219,2025-03-01,warranty,24.92
dev-00402,2025-03-01,support,24.5
dev-00377,2025-03-01,support,28.46
dev-00625,2025-03-01,warranty,29.64
dev-00812,2025-03-01,repairs,23.99
dev-00355,2025-03-01,repairs,11.34
dev-00990,2025-03-01,support,10.45
dev-00908,2025-03-01,repairs,23.49
dev-00060,2025-03-01,support,11.34
dev-00979,2025-03-01,warranty,13.97
dev-00319,2025-03-01,support,14.64
dev-00619,2025-03-01,warranty,29.08
dev-00073,2025-03-01,support,17.16
dev-00828,2025-03-01,warranty,14.05
dev-00127,2025-03-01,support,12.17
dev-00892,2025-03-01,repairs,28.54
dev-00539,2025-03-01,support,10.21
dev-00655,2025-03-01,warranty,23.56
dev-00791,2025-03-01,warranty,22.06
dev-00589,2025-03-01,warranty,17.6
dev-00294,2025-03-01,warranty,25.01
dev-00112,2025-03-01,warranty,26.5
dev-00553,2025-03-01,repairs,16.36
dev-00300,2025-03-01,support,19.91
dev-00986,2025-03-01,repairs,29.53
dev-00237,2025-03-01,support,12.43
dev-00407,2025-03-01,warranty,18.95
dev-00543,2025-03-01,repairs,20.9
dev-00489,2025-03-01,support,15.29
dev-00352,2025-03-01,warranty,24.52
dev-00859,2025-03-01,warranty,27.29
dev-00951,2025-03-01,support,10.96
dev-00948,2025-03-01,support,15.88
dev-00143,2025-03-01,warranty,29.46
dev-00775,2025-03-01,warranty,18.62
dev-00418,2025-03-01,support,29.9
dev-00200,2025-03-01,warranty,19.03
dev-00175,2025-03-01,repairs,15.0
dev-00835,2025-03-01,warranty,17.97
dev-00980,2025-03-01,repairs,12.17
dev-00162,2025-03-01,warranty,28.1
dev-00221,2025-03-01,repairs,25.82
dev-01000,2025-03-01,repairs,20.27
dev-00617,2025-03-01,warranty,11.5
dev-00973,2025-03-01,warranty,22.78
dev-00152,2025-03-01,support,27.89
dev-00076,2025-03-01,repairs,20.72
dev-00246,2025-03-01,warranty,12.05
dev-00463,2025-03-01,warranty,15.22
dev-00282,2025-03-01,support,13.43
dev-00344,2025-03-01,repairs,16.8
dev-00346,2025-03-01,support,25.69
dev-00429,2025-03-01,repairs,22.13
dev-00907,2025-03-01,warranty,25.16
dev-00095,2025-03-01,warranty,27.49
dev-00262,2025-03-01,repairs,14.86
dev-00038,2025-03-01,warranty,26.96
dev-00713,2025-03-01,warranty,20.87
dev-00764,2025-03-01,support,18.17
dev-00749,2025-03-01,support,14.58
dev-00302,2025-03-01,support,29.2
dev-00134,2025-03-01,warranty,19.86
dev-00533,2025-03-01,repairs,21.77
dev-00549,2025-03-01,repairs,22.73
dev-00881,2025-03-01,support,23.61
dev-00766,2025-03-01,warranty,19.07
dev-00044,2025-03-01,repairs,11.22
dev-00376,2025-03-01,support,14.72
dev-00646,2025-03-01,support,20.37
dev-00022,2025-03-01,warranty,27.2
dev-00797,2025-03-01,warranty,17.3
dev-00912,2025-03-01,warranty,17.52
dev-00865,2025-03-01,warranty,11.69
dev-00244,2025-03-01,warranty,13.61
dev-00992,2025-03-01,repairs,16.99
dev-00405,2025-03-01,repairs,13.18
dev-00439,2025-03-01,support,23.57
dev-00446,2025-03-01,repairs,17.32
dev-00810,2025-03-01,support,20.78
dev-00762,2025-03-01,support,28.74
dev-00048,2025-03-01,repairs,15.3
dev-00532,2025-03-01,repairs,13.01
dev-00711,2025-03-01,warranty,20.46
dev-00099,2025-03-01,warranty,11.46
dev-00120,2025-03-01,repairs,12.77
dev-00765,2025-03-01,repairs,17.96
dev-00132,2025-03-01,support,25.1
dev-00437,2025-03-01,warranty,21.15
dev-00800,2025-03-01,repairs,25.45
dev-00019,2025-03-01,support,14.7
dev-00850,2025-03-01,repairs,22.18
dev-00198,2025-03-01,support,25.67
dev-00057,2025-03-01,warranty,29.06
dev-00854,2025-03-01,warranty,27.84
dev-00209,2025-03-01,warranty,27.02
dev-00370,2025-03-01,warranty,29.03
dev-00400,2025-03-01,repairs,24.59
dev-00408,2025-03-01,repairs,26.84
dev-00623,2025-03-01,support,29.5
dev-00091,2025-03-01,repairs,24.34
dev-00782,2025-03-01,support,20.15
dev-00960,2025-03-01,support,22.97
dev-00396,2025-03-01,support,27.65
dev-00158,2025-03-01,support,26.92
dev-00702,2025-03-01,repairs,20.24
dev-00467,2025-03-01,repairs,11.32
dev-00075,2025-03-01,warranty,15.67
dev-00329,2025-03-01,support,22.52
dev-00940,2025-03-01,repairs,19.16
dev-00218,2025-03-01,warranty,23.91
dev-00103,2025-03-01,support,11.83
dev-00180,2025-03-01,warranty,14.71
dev-00787,2025-03-01,repairs,18.03
dev-00224,2025-03-01,support,19.55
dev-00261,2025-03-01,repairs,25.38
dev-00349,2025-03-01,repairs,13.74
dev-00365,2025-03-01,repairs,19.04
dev-00054,2025-03-01,support,25.6
dev-00441,2025-03-01,repairs,11.27
dev-00522,2025-03-01,repairs,23.27
dev-00564,2025-03-01,support,19.9
dev-00188,2025-03-01,repairs,19.85
dev-00447,2025-03-01,repairs,13.0
dev-00586,2025-03-01,repairs,21.49
dev-00895,2025-03-01,support,20.12
dev-00498,2025-03-01,repairs,26.91
dev-00642,2025-03-01,warranty,16.4
dev-00497,2025-03-01,repairs,13.92
dev-00435,2025-03-01,repairs,10.76
dev-00816,2025-03-01,repairs,20.64
dev-00575,2025-03-01,repairs,20.49
dev-00988,2025-03-01,support,22.87
dev-00147,2025-03-01,repairs,22.5
dev-00637,2025-03-01,warranty,17.37
dev-00216,2025-03-01,repairs,15.39
dev-00959,2025-03-01,warranty,23.27
dev-00928,2025-03-01,support,25.11
dev-00298,2025-03-01,support,17.62
dev-00768,2025-03-01,repairs,16.64
dev-00042,2025-03-01,support,21.38
dev-00119,2025-03-01,warranty,23.46
dev-00248,2025-03-01,warranty,15.59
dev-00312,2025-03-01,repairs,13.52
dev-00568,2025-03-01,repairs,16.85
dev-00006,2025-03-01,support,15.37
dev-00541,2025-03-01,warranty,28.68
dev-00459,2025-03-01,support,19.21
dev-00199,2025-03-01,support,13.92
dev-00351,2025-03-01,support,26.53
dev-00306,2025-03-01,repairs,15.88
dev-00925,2025-03-01,repairs,14.93
dev-00888,2025-03-01,warranty,23.67
dev-00684,2025-03-01,repairs,21.52
dev-00796,2025-03-01,support,25.79
dev-00755,2025-03-01,warranty,27.33
dev-00542,2025-03-01,warranty,20.92
dev-00140,2025-03-01,repairs,28.69
dev-00852,2025-03-01,support,18.1
dev-00836,2025-03-01,support,11.59
dev-00807,2025-03-01,repairs,28.32
dev-00240,2025-03-01,warranty,20.66
dev-00661,2025-03-01,support,24.45
dev-00384,2025-03-01,support,13.56
dev-00630,2025-03-01,support,17.78
dev-00742,2025-03-01,repairs,13.44
dev-00128,2025-03-01,repairs,14.43
dev-00055,2025-03-01,repairs,14.45
dev-00105,2025-03-01,repairs,22.16
dev-00808,2025-03-01,repairs,17.4
dev-00380,2025-03-01,warranty,27.21
dev-00868,2025-03-01,repairs,12.12
dev-00708,2025-03-01,repairs,17.82
dev-00834,2025-03-01,support,10.51
dev-00827,2025-03-01,repairs,19.79
dev-00621,2025-03-01,support,29.13
dev-00049,2025-03-01,repairs,16.49
dev-00520,2025-03-01,repairs,16.41
dev-00378,2025-03-01,support,25.46
dev-00579,2025-03-01,support,26.5
dev-00595,2025-03-01,warranty,10.15
dev-00725,2025-03-01,support,22.56
dev-00067,2025-03-01,warranty,27.56
dev-00297,2025-03-01,repairs,26.49
dev-00293,2025-03-01,warranty,28.53
dev-00588,2025-03-01,warranty,28.28
dev-00187,2025-03-01,repairs,19.68
dev-00017,2025-03-01,warranty,13.98
dev-00464,2025-03-01,repairs,16.67
dev-00861,2025-03-01,warranty,15.38
dev-00597,2025-03-01,warranty,11.72
dev-00170,2025-03-01,support,14.2
dev-00413,2025-03-01,support,11.76
dev-00613,2025-03-01,support,19.07
dev-00587,2025-03-01,support,26.55
dev-00639,2025-03-01,warranty,12.14
dev-00641,2025-03-01,repairs,13.47
dev-00431,2025-03-01,repairs,27.72
dev-00640,2025-03-01,support,19.52
dev-00723,2025-03-01,repairs,11.95
dev-00385,2025-03-01,support,18.95
dev-00673,2025-03-01,support,10.92
dev-00304,2025-03-01,repairs,15.32
dev-00962,2025-03-01,warranty,23.94
dev-00658,2025-03-01,repairs,26.05
dev-00620,2025-03-01,support,29.01
dev-00615,2025-03-01,warranty,10.7
dev-00693,2025-03-01,support,13.55
dev-00695,2025-03-01,support,22.31
dev-00468,2025-03-01,warranty,23.92
dev-00092,2025-03-01,repairs,19.46
dev-00535,2025-03-01,warranty,22.1
dev-00303,2025-03-01,warranty,25.16
dev-00149,2025-03-01,warranty,15.43
dev-00853,2025-03-01,warranty,14.7
dev-00375,2025-03-01,repairs,20.54
dev-00594,2025-03-01,support,18.04
dev-00912,2025-04-01,warranty,13.23
dev-00141,2025-04-01,support,15.8
dev-00958,2025-04-01,warranty,21.42
dev-00339,2025-04-01,support,27.31
dev-00571,2025-04-01,repairs,26.22
dev-00829,2025-04-01,support,22.22
dev-00935,2025-04-01,repairs,12.33
dev-00995,2025-04-01,support,22.07
dev-00795,2025-04-01,repairs,18.78
dev-00439,2025-04-01,warranty,21.42
dev-00427,2025-04-01,support,11.4
dev-00060,2025-04-01,warranty,16.62
dev-00979,2025-04-01,repairs,28.02
dev-00333,2025-04-01,support,25.19
dev-00885,2025-04-01,support,24.38
dev-00792,2025-04-01,warranty,19.81
dev-00598,2025-04-01,support,12.77
dev-00519,2025-04-01,repairs,28.92
dev-00426,2025-04-01,repairs,14.86
dev-00812,2025-04-01,warranty,10.56
dev-00773,2025-04-01,repairs,25.05
dev-00461,2025-04-01,warranty,12.69
dev-00552,2025-04-01,support,17.94
dev-00453,2025-04-01,repairs,27.26
dev-00287,2025-04-01,repairs,13.77
dev-00306,2025-04-01,warranty,27.67
dev-00884,2025-04-01,support,25.22
dev-00172,2025-04-01,support,22.13
dev-00142,2025-04-01,repairs,27.7
dev-00505,2025-04-01,repairs,20.07
dev-00724,2025-04-01,repairs,18.77
dev-00346,2025-04-01,repairs,14.21
dev-00523,2025-04-01,repairs,24.44
dev-00969,2025-04-01,support,23.35
dev-00759,2025-04-01,support,13.69
dev-00915,2025-04-01,repairs,20.7
dev-00686,2025-04-01,warranty,25.97
dev-00976,2025-04-01,warranty,14.04
dev-00555,2025-04-01,support,29.56
dev-00648,2025-04-01,warranty,28.45
dev-00348,2025-04-01,repairs,11.64
dev-00751,2025-04-01,repairs,27.1
dev-00603,2025-04-01,repairs,16.41
dev-00433,2025-04-01,support,11.33
dev-00373,2025-04-01,warranty,29.08
dev-00816,2025-04-01,repairs,21.41
dev-00888,2025-04-01,warranty,10.46
dev-00325,2025-04-01,warranty,22.86
dev-00807,2025-04-01,warranty,25.58
dev-00730,2025-04-01,repairs,28.84
dev-00862,2025-04-01,repairs,16.96
dev-00629,2025-04-01,warranty,11.85
dev-00295,2025-04-01,warranty,19.56
dev-00183,2025-04-01,repairs,27.36
dev-00515,2025-04-01,repairs,13.86
dev-00132,2025-04-01,repairs,26.46
dev-00312,2025-04-01,warranty,21.53
dev-00630,2025-04-01,support,11.65
dev-00933,2025-04-01,repairs,21.87
dev-00122,2025-04-01,warranty,22.17
dev-00085,2025-04-01,warranty,12.9
dev-00832,2025-04-01,warranty,22.67
dev-00710,2025-04-01,repairs,13.04
dev-00991,2025-04-01,warranty,13.15
dev-00341,2025-04-01,repairs,28.48
dev-00027,2025-04-01,support,18.2
dev-00140,2025-04-01,repairs,12.79
dev-00872,2025-04-01,warranty,22.12
dev-00007,2025-04-01,repairs,23.47
dev-00904,2025-04-01,warranty,12.25
dev-00041,2025-04-01,support,12.09
dev-00044,2025-04-01,warranty,10.84
dev-00160,2025-04-01,repairs,24.43
dev-00821,2025-04-01,support,12.72
dev-00315,2025-04-01,support,23.23
dev-00382,2025-04-01,repairs,25.2
dev-00655,2025-04-01,warranty,13.96
dev-00236,2025-04-01,repairs,24.94
dev-00601,2025-04-01,warranty,10.74
dev-00663,2025-04-01,repairs,13.85
dev-00900,2025-04-01,support,16.75
dev-00238,2025-04-01,repairs,10.27
dev-00075,2025-04-01,warranty,19.11
dev-00243,2025-04-01,repairs,26.23
dev-00135,2025-04-01,repairs,12.07
dev-00659,2025-04-01,support,13.52
dev-00899,2025-04-01,warranty,15.69
dev-00846,2025-04-01,repairs,23.66
dev-00905,2025-04-01,repairs,20.5
dev-00847,2025-04-01,support,27.2
dev-00119,2025-04-01,repairs,23.3
dev-00819,2025-04-01,warranty,13.0
dev-00334,2025-04-01,support,17.51
dev-00890,2025-04-01,warranty,26.8
dev-00953,2025-04-01,repairs,13.87
dev-00071,2025-04-01,support,29.89
dev-00214,2025-04-01,support,24.43
dev-00006,2025-04-01,warranty,26.21
dev-00332,2025-04-01,repairs,23.1
dev-00349,2025-04-01,warranty,24.31
dev-00493,2025-04-01,repairs,21.92
dev-00035,2025-04-01,warranty,25.58
dev-00535,2025-04-01,repairs,19.93
dev-00209,2025-04-01,warranty,25.53
dev-00649,2025-04-01,warranty,29.38
dev-00896,2025-04-01,warranty,12.84
dev-00436,2025-04-01,warranty,18.48
dev-00569,2025-04-01,support,20.99
dev-00756,2025-04-01,repairs,17.33
dev-00187,2025-04-01,support,25.25
dev-00699,2025-04-01,warranty,14.24
dev-00103,2025-04-01,warranty,15.19
dev-00291,2025-04-01,warranty,27.76
dev-00311,2025-04-01,warranty,10.51
dev-00292,2025-04-01,support,28.6
dev-00942,2025-04-01,support,12.46
dev-00533,2025-04-01,repairs,13.24
dev-00538,2025-04-01,warranty,21.15
dev-00632,2025-04-01,support,11.21
dev-00393,2025-04-01,repairs,22.39
dev-00396,2025-04-01,support,24.38
dev-00922,2025-04-01,warranty,18.62
dev-00635,2025-04-01,repairs,10.45
dev-00734,2025-04-01,warranty,12.6
dev-00503,2025-04-01,support,20.62
dev-00148,2025-04-01,warranty,16.85
dev-00512,2025-04-01,support,29.06
dev-00871,2025-04-01,warranty,26.56
dev-00707,2025-04-01,repairs,22.63
dev-00228,2025-04-01,warranty,14.44
dev-00434,2025-04-01,repairs,27.33
dev-00460,2025-04-01,warranty,14.99
dev-00653,2025-04-01,warranty,10.34
dev-00808,2025-04-01,support,28.16
dev-00452,2025-04-01,support,29.13
dev-00737,2025-04-01,repairs,28.28
dev-00300,2025-04-01,repairs,19.03
dev-00965,2025-04-01,support,27.86
dev-00424,2025-04-01,support,22.46
dev-00154,2025-04-01,support,18.86
dev-00765,2025-04-01,repairs,25.57
dev-00932,2025-04-01,support,17.44
dev-00133,2025-04-01,support,26.87
dev-00376,2025-04-01,warranty,15.03
dev-00528,2025-04-01,warranty,12.74
dev-00757,2025-04-01,support,19.23
dev-00721,2025-04-01,warranty,12.21
dev-00973,2025-04-01,repairs,11.19
dev-00378,2025-04-01,warranty,25.95
dev-00948,2025-04-01,repairs,12.45
dev-00215,2025-04-01,warranty,10.53
dev-00072,2025-04-01,repairs,25.85
dev-00539,2025-04-01,repairs,14.6
dev-00224,2025-04-01,support,17.97
dev-00825,2025-04-01,warranty,19.78
dev-00834,2025-04-01,support,20.33
dev-00178,2025-04-01,repairs,10.26
dev-00725,2025-04-01,warranty,26.25
dev-00557,2025-04-01,repairs,17.32
dev-00828,2025-04-01,warranty,12.96
dev-00836,2025-04-01,warranty,27.37
dev-00109,2025-04-01,warranty,29.48
dev-00755,2025-04-01,repairs,11.22
dev-00137,2025-04-01,warranty,13.91
dev-00195,2025-04-01,warranty,18.17
dev-00065,2025-04-01,warranty,14.93
dev-00130,2025-04-01,support,24.25
dev-00205,2025-04-01,support,11.59
dev-00622,2025-04-01,warranty,26.26
dev-00147,2025-04-01,support,17.22
dev-00661,2025-04-01,repairs,29.08
dev-00008,2025-04-01,support,16.0
dev-00642,2025-04-01,support,13.5
dev-00313,2025-04-01,repairs,13.93
dev-00640,2025-04-01,warranty,21.3
dev-00095,2025-04-01,warranty,16.98
dev-00061,2025-04-01,repairs,23.53
dev-00387,2025-04-01,support,18.52
dev-00855,2025-04-01,support,21.92
dev-00009,2025-04-01,support,10.59
dev-00093,2025-04-01,warranty,21.23
dev-00974,2025-04-01,support,13.98
dev-00251,2025-04-01,repairs,26.07
dev-00982,2025-04-01,warranty,22.14
dev-00269,2025-04-01,warranty,26.45
dev-00502,2025-04-01,support,28.44
dev-00164,2025-04-01,support,27.79
dev-00897,2025-04-01,support,26.46
dev-00735,2025-04-01,warranty,17.06
dev-00567,2025-04-01,warranty,20.49
dev-00475,2025-04-01,warranty,23.99
dev-00354,2025-04-01,support,10.38
dev-00025,2025-04-01,warranty,29.6
dev-00546,2025-04-01,support,18.3
dev-00170,2025-04-01,warranty,16.21
dev-00786,2025-04-01,support,22.54
dev-00483,2025-04-01,warranty,25.1
dev-00414,2025-04-01,warranty,11.01
dev-00532,2025-04-01,repairs,19.71
dev-00970,2025-04-01,support,12.49
dev-00090,2025-04-01,support,10.75
dev-00682,2025-04-01,repairs,23.1
dev-00467,2025-04-01,repairs,14.72
dev-00182,2025-04-01,repairs,11.36
dev-00186,2025-04-01,repairs,21.26
dev-00359,2025-04-01,repairs,27.16
dev-00492,2025-04-01,repairs,23.93
dev-00476,2025-04-01,repairs,10.06
dev-00329,2025-04-01,warranty,23.35
dev-00267,2025-04-01,repairs,11.32
dev-00860,2025-04-01,warranty,10.85
dev-00372,2025-04-01,repairs,22.18
dev-00576,2025-04-01,warranty,26.16
dev-00643,2025-04-01,support,22.93
dev-00273,2025-04-01,repairs,26.43
dev-00496,2025-04-01,support,25.67
dev-00139,2025-04-01,repairs,29.79
dev-00389,2025-04-01,repairs,14.47
dev-00159,2025-04-01,warranty,13.97
dev-00585,2025-04-01,repairs,18.78
dev-00034,2025-04-01,warranty,26.27
dev-00908,2025-04-01,support,22.06
dev-00146,2025-04-01,repairs,15.85
dev-00634,2025-04-01,support,28.16
dev-00820,2025-04-01,warranty,12.97
dev-00524,2025-04-01,support,15.73
dev-00964,2025-04-01,warranty,19.7
dev-00760,2025-04-01,repairs,15.32
dev-00465,2025-04-01,warranty,26.62
dev-00392,2025-04-01,support,18.74
dev-00674,2025-04-01,warranty,24.74
dev-00568,2025-04-01,repairs,23.39
dev-00247,2025-04-01,repairs,15.78
dev-00748,2025-04-01,repairs,28.24
dev-00105,2025-04-01,repairs,18.92
dev-00402,2025-04-01,warranty,11.34
dev-00055,2025-04-01,support,13.3
dev-00563,2025-04-01,support,26.96
dev-00891,2025-04-01,repairs,12.79
dev-00736,2025-04-01,warranty,19.35
dev-00451,2025-04-01,repairs,19.21
dev-00124,2025-04-01,repairs,26.89
dev-00830,2025-04-01,warranty,11.78
dev-00481,2025-04-01,warranty,26.82
dev-00180,2025-04-01,repairs,23.31
dev-00835,2025-04-01,warranty,22.62
dev-00469,2025-04-01,repairs,22.56
dev-00704,2025-04-01,warranty,26.99
dev-00221,2025-04-01,repairs,28.87
dev-00204,2025-04-01,warranty,14.7
dev-00454,2025-04-01,repairs,24.04
dev-00981,2025-04-01,repairs,21.43
dev-00746,2025-04-01,repairs,20.09
dev-00223,2025-04-01,repairs,18.97
dev-00579,2025-04-01,warranty,27.95
dev-00672,2025-04-01,warranty,29.52
dev-00597,2025-04-01,warranty,24.62
dev-00191,2025-04-01,repairs,20.07
dev-00030,2025-04-01,repairs,29.29
dev-00779,2025-04-01,repairs,20.16
dev-00762,2025-04-01,warranty,29.41
dev-00177,2025-04-01,support,27.88
dev-00782,2025-04-01,support,20.7
dev-00591,2025-04-01,warranty,25.16
dev-00581,2025-04-01,support,28.94
dev-00943,2025-04-01,support,20.44
dev-00220,2025-04-01,repairs,28.54
dev-00422,2025-04-01,repairs,29.66
dev-00176,2025-04-01,repairs,17.48
dev-00104,2025-04-01,warranty,20.78
dev-00438,2025-04-01,warranty,26.24
dev-00335,2025-04-01,support,20.8
dev-00770,2025-04-01,support,19.49
dev-00600,2025-04-01,support,23.33
dev-00078,2025-04-01,warranty,26.84
dev-00656,2025-04-01,support,21.27
dev-00887,2025-04-01,support,21.91
dev-00242,2025-04-01,warranty,25.29
dev-00811,2025-04-01,repairs,11.68
dev-00564,2025-04-01,warranty,20.22
dev-00875,2025-04-01,support,23.49
dev-00917,2025-04-01,repairs,15.41
dev-00171,2025-04-01,warranty,22.0
dev-00987,2025-04-01,support,21.19
dev-00669,2025-04-01,repairs,13.01
dev-00956,2025-04-01,repairs,25.04
dev-00818,2025-04-01,repairs,28.87
dev-00592,2025-04-01,repairs,28.6
dev-00554,2025-04-01,support,23.29
dev-00813,2025-04-01,warranty,15.34
dev-00328,2025-04-01,repairs,17.09
dev-00570,2025-04-01,repairs,12.36
dev-00316,2025-04-01,warranty,25.8
dev-00274,2025-04-01,support,12.25
dev-00428,2025-04-01,support,10.88
dev-00126,2025-04-01,repairs,22.85
dev-00501,2025-04-01,warranty,19.75
dev-00758,2025-04-01,repairs,27.88
dev-00810,2025-04-01,repairs,21.06
dev-00971,2025-04-01,warranty,16.67
dev-00387,2025-05-01,repairs,27.3
dev-00363,2025-05-01,repairs,27.23
dev-00110,2025-05-01,repairs,18.7
dev-00798,2025-05-01,support,18.21
dev-00954,2025-05-01,support,25.78
dev-00472,2025-05-01,support,13.24
dev-00595,2025-05-01,support,16.29
dev-00818,2025-05-01,support,19.8
dev-00880,2025-05-01,support,16.8
dev-00825,2025-05-01,warranty,21.42
dev-00675,2025-05-01,support,25.36
dev-00687,2025-05-01,warranty,13.85
dev-00657,2025-05-01,repairs,26.11
dev-00408,2025-05-01,warranty,18.5
dev-00187,2025-05-01,warranty,27.14
dev-00300,2025-05-01,support,15.16
dev-00656,2025-05-01,support,27.52
dev-00047,2025-05-01,warranty,27.09
dev-00907,2025-05-01,warranty,25.41
dev-00620,2025-05-01,support,24.01
dev-00949,2025-05-01,warranty,12.17
dev-00432,2025-05-01,repairs,16.68
dev-00719,2025-05-01,repairs,16.94
dev-00984,2025-05-01,warranty,10.18
dev-00290,2025-05-01,repairs,18.51
dev-00856,2025-05-01,warranty,12.37
dev-00625,2025-05-01,warranty,15.88
dev-00386,2025-05-01,support,18.56
dev-00393,2025-05-01,support,23.88
dev-00560,2025-05-01,support,16.21
dev-00255,2025-05-01,warranty,25.28
dev-00738,2025-05-01,repairs,11.35
dev-00272,2025-05-01,warranty,12.07
dev-00959,2025-05-01,warranty,15.62
dev-00627,2025-05-01,warranty,11.85
dev-00440,2025-05-01,repairs,26.31
dev-00027,2025-05-01,support,20.67
dev-00273,2025-05-01,repairs,22.79
dev-00464,2025-05-01,warranty,10.12
dev-00524,2025-05-01,repairs,10.3
dev-00320,2025-05-01,support,21.78
dev-00156,2025-05-01,support,19.62
dev-00067,2025-05-01,support,29.83
dev-00455,2025-05-01,warranty,13.92
dev-00012,2025-05-01,warranty,13.46
dev-00157,2025-05-01,repairs,27.65
dev-00575,2025-05-01,support,18.88
dev-00347,2025-05-01,warranty,28.62
dev-00105,2025-05-01,support,18.92
dev-00396,2025-05-01,repairs,18.17
dev-00146,2025-05-01,support,27.05
dev-00164,2025-05-01,repairs,26.24
dev-00365,2025-05-01,warranty,12.95
dev-00594,2025-05-01,warranty,28.39
dev-00779,2025-05-01,warranty,14.08
dev-00249,2025-05-01,support,14.58
dev-00846,2025-05-01,support,16.84
dev-00646,2025-05-01,support,16.91
dev-00417,2025-05-01,repairs,24.59
dev-00282,2025-05-01,repairs,10.96
dev-00556,2025-05-01,repairs,17.01
dev-00971,2025-05-01,repairs,13.38
dev-00129,2025-05-01,support,28.96
dev-00001,2025-05-01,warranty,16.2
dev-00515,2025-05-01,warranty,23.43
dev-00588,2025-05-01,repairs,25.02
dev-00809,2025-05-01,repairs,16.49
dev-00997,2025-05-01,support,17.24
dev-00228,2025-05-01,support,10.94
dev-00963,2025-05-01,repairs,28.89
dev-00548,2025-05-01,support,16.11
dev-00410,2025-05-01,support,15.7
dev-00546,2025-05-01,support,16.77
dev-00714,2025-05-01,warranty,27.4
dev-00514,2025-05-01,warranty,12.23
dev-00234,2025-05-01,warranty,13.08
dev-00629,2025-05-01,repairs,29.69
dev-00043,2025-05-01,support,25.4
dev-00902,2025-05-01,repairs,25.31
dev-00447,2025-05-01,repairs,29.54
dev-00141,2025-05-01,repairs,28.8
dev-00265,2025-05-01,repairs,26.31
dev-00405,2025-05-01,warranty,19.02
dev-00492,2025-05-01,support,25.28
dev-00155,2025-05-01,warranty,23.29
dev-00771,2025-05-01,repairs,22.83
dev-00540,2025-05-01,repairs,13.33
dev-00456,2025-05-01,warranty,10.61
dev-00617,2025-05-01,repairs,20.78
dev-00590,2025-05-01,repairs,13.39
dev-00070,2025-05-01,warranty,27.95
dev-00436,2025-05-01,support,24.28
dev-00023,2025-05-01,repairs,20.86
dev-00639,2025-05-01,warranty,22.13
dev-00854,2025-05-01,support,29.25
dev-00065,2025-05-01,warranty,15.1
dev-00092,2025-05-01,repairs,22.71
dev-00308,2025-05-01,warranty,17.73
dev-00076,2025-05-01,warranty,16.5
dev-00220,2025-05-01,repairs,20.06
dev-00850,2025-05-01,warranty,15.34
dev-00116,2025-05-01,warranty,16.62
dev-00601,2025-05-01,warranty,27.62
dev-00775,2025-05-01,warranty,10.72
dev-00743,2025-05-01,repairs,25.76
dev-00970,2025-05-01,repairs,12.08
dev-00367,2025-05-01,warranty,24.3
dev-00678,2025-05-01,support,18.81
dev-00774,2025-05-01,repairs,15.73
dev-00615,2025-05-01,warranty,26.85
dev-00977,2025-05-01,support,29.78
dev-00835,2025-05-01,support,15.08
dev-00168,2025-05-01,repairs,29.11
dev-00841,2025-05-01,support,15.24
dev-00210,2025-05-01,warranty,26.52
dev-00732,2025-05-01,warranty,26.39
dev-00418,2025-05-01,support,23.77
dev-00111,2025-05-01,support,22.06
dev-00239,2025-05-01,warranty,19.01
dev-00219,2025-05-01,repairs,12.14
dev-00487,2025-05-01,repairs,23.72
dev-00737,2025-05-01,repairs,23.39
dev-00884,2025-05-01,warranty,22.87
dev-00937,2025-05-01,warranty,12.94
dev-00350,2025-05-01,support,29.21
dev-00192,2025-05-01,repairs,23.22
dev-00895,2025-05-01,repairs,24.71
dev-00045,2025-05-01,repairs,21.36
dev-00261,2025-05-01,support,29.76
dev-00329,2025-05-01,repairs,20.29
dev-00570,2025-05-01,warranty,27.7
dev-00961,2025-05-01,repairs,21.98
dev-00097,2025-05-01,support,29.86
dev-00411,2025-05-01,support,19.62
dev-00341,2025-05-01,repairs,12.66
dev-00799,2025-05-01,support,12.09
dev-00900,2025-05-01,support,23.62
dev-00718,2025-05-01,support,17.54
dev-00908,2025-05-01,warranty,26.2
dev-00170,2025-05-01,repairs,29.73
dev-00369,2025-05-01,repairs,24.95
dev-00286,2025-05-01,support,24.21
dev-00769,2025-05-01,warranty,15.36
dev-00310,2025-05-01,warranty,26.63
dev-00508,2025-05-01,repairs,14.53
dev-00149,2025-05-01,support,13.25
dev-00269,2025-05-01,warranty,14.77
dev-00128,2025-05-01,warranty,13.02
dev-00632,2025-05-01,warranty,29.71
dev-00100,2025-05-01,repairs,20.99
dev-00965,2025-05-01,warranty,17.84
dev-00326,2025-05-01,warranty,28.87
dev-00666,2025-05-01,repairs,14.2
dev-00033,2025-05-01,warranty,20.34
dev-00198,2025-05-01,repairs,28.48
dev-00927,2025-05-01,repairs,21.56
dev-00297,2025-05-01,warranty,13.36
dev-00281,2025-05-01,warranty,10.9
dev-00029,2025-05-01,warranty,10.3
dev-00807,2025-05-01,warranty,13.51
dev-00581,2025-05-01,warranty,10.33
dev-00427,2025-05-01,repairs,20.44
dev-00412,2025-05-01,support,18.68
dev-00905,2025-05-01,warranty,10.91
dev-00482,2025-05-01,warranty,20.16
dev-00892,2025-05-01,repairs,21.94
dev-00759,2025-05-01,repairs,28.39
dev-00496,2025-05-01,repairs,19.62
dev-00766,2025-05-01,support,12.43
dev-00958,2025-05-01,repairs,11.67
dev-00791,2025-05-01,support,13.79
dev-00529,2025-05-01,support,25.94
dev-00130,2025-05-01,support,11.23
dev-00717,2025-05-01,repairs,14.7
dev-00919,2025-05-01,repairs,15.79
dev-00609,2025-05-01,support,23.0
dev-00552,2025-05-01,repairs,28.87
dev-00587,2025-05-01,repairs,20.21
dev-00772,2025-05-01,warranty,25.72
dev-00939,2025-05-01,support,18.42
dev-00943,2025-05-01,repairs,22.83
dev-00923,2025-05-01,warranty,16.3
dev-00821,2025-05-01,support,27.33
dev-00555,2025-05-01,repairs,16.33
dev-00747,2025-05-01,repairs,25.8
dev-00003,2025-05-01,warranty,10.07
dev-00867,2025-05-01,repairs,25.46
dev-00473,2025-05-01,warranty,19.14
dev-00565,2025-05-01,support,28.32
dev-00855,2025-05-01,warranty,17.4
dev-00851,2025-05-01,support,28.87
dev-00279,2025-05-01,repairs,21.77
dev-00082,2025-05-01,support,26.68
dev-00454,2025-05-01,support,10.39
dev-00278,2025-05-01,repairs,10.92
dev-00424,2025-05-01,support,29.45
dev-00530,2025-05-01,repairs,17.8
dev-00108,2025-05-01,support,11.84
dev-00232,2025-05-01,warranty,28.1
dev-00335,2025-05-01,support,28.32
dev-00638,2025-05-01,support,27.35
dev-00190,2025-05-01,repairs,11.81
dev-00404,2025-05-01,warranty,29.74
dev-00642,2025-05-01,warranty,26.16
dev-00973,2025-05-01,repairs,16.48
dev-00968,2025-05-01,support,22.28
dev-00993,2025-05-01,repairs,15.38
dev-00433,2025-05-01,repairs,19.39
dev-00852,2025-05-01,repairs,22.3
dev-00680,2025-05-01,support,25.46
dev-00824,2025-05-01,warranty,18.6
dev-00633,2025-05-01,repairs,14.05
dev-00874,2025-05-01,repairs,12.82
dev-00716,2025-05-01,repairs,24.51
dev-00596,2025-05-01,repairs,22.44
dev-00406,2025-05-01,warranty,17.77
dev-00845,2025-05-01,support,25.7
dev-00634,2025-05-01,repairs,14.68
dev-00563,2025-05-01,support,21.16
dev-00451,2025-05-01,repairs,27.95
dev-00960,2025-05-01,repairs,12.37
dev-00519,2025-05-01,repairs,29.9
dev-00391,2025-05-01,repairs,22.82
dev-00840,2025-05-01,repairs,11.45
dev-00780,2025-05-01,warranty,17.42
dev-00706,2025-05-01,repairs,18.58
dev-00093,2025-05-01,support,19.07
dev-00336,2025-05-01,warranty,21.39
dev-00349,2025-05-01,support,10.47
dev-00603,2025-05-01,repairs,14.73
dev-00268,2025-05-01,warranty,28.87
dev-00322,2025-05-01,warranty,18.63
dev-00676,2025-05-01,repairs,25.28
dev-00051,2025-05-01,support,19.09
dev-00114,2025-05-01,repairs,20.44
dev-00853,2025-05-01,repairs,26.62
dev-00924,2025-05-01,warranty,17.6
dev-00139,2025-05-01,support,29.56
dev-00740,2025-05-01,repairs,27.1
dev-00614,2025-05-01,repairs,17.37
dev-00696,2025-05-01,warranty,28.81
dev-00185,2025-05-01,support,17.22
dev-00060,2025-05-01,repairs,16.29
dev-00704,2025-05-01,warranty,19.21
dev-00490,2025-05-01,support,15.82
dev-00370,2025-05-01,warranty,23.42
dev-00253,2025-05-01,warranty,19.77
dev-00784,2025-05-01,support,22.04
dev-00778,2025-05-01,warranty,11.93
dev-00712,2025-05-01,repairs,25.94
dev-00046,2025-05-01,repairs,21.03
dev-00360,2025-05-01,support,11.84
dev-00117,2025-05-01,repairs,21.84
dev-00073,2025-05-01,warranty,18.71
dev-00486,2025-05-01,warranty,13.25
dev-00081,2025-05-01,repairs,28.86
dev-00793,2025-05-01,support,20.24
dev-00700,2025-05-01,warranty,18.99
dev-00064,2025-05-01,repairs,27.63
dev-00233,2025-05-01,support,24.42
dev-00611,2025-05-01,support,15.33
dev-00551,2025-05-01,warranty,12.1
dev-00569,2025-05-01,repairs,16.93
dev-00918,2025-05-01,support,17.46
dev-00213,2025-05-01,warranty,16.38
dev-00979,2025-05-01,repairs,12.53
dev-00858,2025-05-01,repairs,12.83
dev-00788,2025-05-01,support,19.94
dev-00421,2025-05-01,warranty,24.21
dev-00727,2025-05-01,warranty,28.76
dev-00664,2025-05-01,warranty,11.27
dev-00938,2025-05-01,support,14.39
dev-00103,2025-05-01,repairs,27.97
dev-00528,2025-05-01,support,15.5
dev-00947,2025-05-01,warranty,19.19
dev-00267,2025-05-01,warranty,26.55
dev-00773,2025-05-01,support,26.95
dev-00382,2025-05-01,support,29.84
dev-00761,2025-05-01,repairs,13.26
dev-00058,2025-05-01,repairs,22.22
dev-00389,2025-05-01,repairs,27.71
dev-00498,2025-05-01,support,10.1
dev-00008,2025-05-01,warranty,19.71
dev-00767,2025-05-01,repairs,28.91
dev-00026,2025-05-01,repairs,13.66
dev-00991,2025-05-01,repairs,15.24
dev-00672,2025-05-01,support,14.81
dev-00667,2025-05-01,warranty,29.87
dev-00823,2025-05-01,warranty,17.79
dev-00309,2025-05-01,repairs,28.48
dev-00140,2025-05-01,support,10.12
dev-00306,2025-05-01,warranty,11.18
dev-00544,2025-05-01,support,28.86
dev-00994,2025-05-01,repairs,23.96
dev-00257,2025-05-01,warranty,11.83
dev-00184,2025-05-01,repairs,17.44
dev-00049,2025-05-01,warranty,22.21
dev-00301,2025-05-01,support,27.72
dev-00796,2025-05-01,warranty,29.62
dev-00385,2025-05-01,repairs,11.72
dev-00191,2025-06-01,warranty,10.06
dev-00438,2025-06-01,support,12.52
dev-00083,2025-06-01,warranty,27.57
dev-00766,2025-06-01,support,10.91
dev-00902,2025-06-01,repairs,23.97
dev-00045,2025-06-01,support,11.29
dev-00762,2025-06-01,repairs,16.0
dev-00372,2025-06-01,repairs,28.2
dev-00233,2025-06-01,warranty,29.81
dev-00970,2025-06-01,support,27.61
dev-00837,2025-06-01,repairs,27.84
dev-00883,2025-06-01,repairs,17.18
dev-00813,2025-06-01,warranty,28.19
dev-00452,2025-06-01,repairs,21.34
dev-00055,2025-06-01,warranty,10.91
dev-00841,2025-06-01,support,11.41
dev-00584,2025-06-01,warranty,18.15
dev-00140,2025-06-01,support,21.39
dev-00205,2025-06-01,repairs,10.26
dev-00995,2025-06-01,warranty,17.96
dev-00034,2025-06-01,support,28.86
dev-00474,2025-06-01,repairs,11.18
dev-00073,2025-06-01,repairs,17.74
dev-00830,2025-06-01,support,19.55
dev-00441,2025-06-01,warranty,25.57
dev-00608,2025-06-01,warranty,29.92
dev-00322,2025-06-01,repairs,15.34
dev-00697,2025-06-01,repairs,12.51
dev-00016,2025-06-01,warranty,23.24
dev-00005,2025-06-01,repairs,26.97
dev-00496,2025-06-01,support,21.62
dev-00263,2025-06-01,support,27.24
dev-00928,2025-06-01,warranty,10.06
dev-00718,2025-06-01,support,19.17
dev-00850,2025-06-01,warranty,16.68
dev-00670,2025-06-01,warranty,14.36
dev-00089,2025-06-01,repairs,16.96
dev-00899,2025-06-01,warranty,11.46
dev-00517,2025-06-01,warranty,29.71
dev-00588,2025-06-01,support,15.1
dev-00805,2025-06-01,support,13.67
dev-00320,2025-06-01,warranty,19.19
dev-00576,2025-06-01,support,13.68
dev-00729,2025-06-01,warranty,22.55
dev-00336,2025-06-01,repairs,28.94
dev-00716,2025-06-01,repairs,25.58
dev-00301,2025-06-01,warranty,25.79
dev-00992,2025-06-01,support,16.62
dev-00831,2025-06-01,warranty,11.39
dev-00662,2025-06-01,repairs,25.75
dev-00145,2025-06-01,repairs,10.8
dev-00817,2025-06-01,support,26.78
dev-00582,2025-06-01,warranty,17.12
dev-00535,2025-06-01,warranty,22.74
dev-00480,2025-06-01,repairs,21.12
dev-00424,2025-06-01,support,20.21
dev-00975,2025-06-01,warranty,10.28
dev-00569,2025-06-01,warranty,11.77
dev-00587,2025-06-01,support,18.88
dev-00219,2025-06-01,warranty,22.33
dev-00886,2025-06-01,warranty,15.63
dev-00879,2025-06-01,repairs,16.69
dev-00423,2025-06-01,support,16.68
dev-00353,2025-06-01,repairs,21.13
dev-00135,2025-06-01,repairs,19.02
dev-00610,2025-06-01,repairs,27.21
dev-00264,2025-06-01,warranty,13.42
dev-00286,2025-06-01,repairs,21.87
dev-00484,2025-06-01,support,16.23
dev-00785,2025-06-01,support,10.93
dev-00119,2025-06-01,warranty,18.38
dev-00945,2025-06-01,warranty,25.95
dev-00857,2025-06-01,repairs,12.83
dev-00751,2025-06-01,support,17.07
dev-00091,2025-06-01,warranty,11.55
dev-00640,2025-06-01,support,29.67
dev-00988,2025-06-01,warranty,23.9
dev-00739,2025-06-01,warranty,10.02
dev-00528,2025-06-01,support,12.29
dev-00950,2025-06-01,support,26.84
dev-00486,2025-06-01,warranty,24.27
dev-00208,2025-06-01,repairs,10.12
dev-00825,2025-06-01,warranty,18.63
dev-00319,2025-06-01,warranty,11.98
dev-00952,2025-06-01,repairs,24.51
dev-00552,2025-06-01,warranty,11.35
dev-00085,2025-06-01,repairs,25.71
dev-00941,2025-06-01,repairs,21.46
dev-00790,2025-06-01,support,24.46
dev-00743,2025-06-01,repairs,17.32
dev-00793,2025-06-01,warranty,18.67
dev-00978,2025-06-01,warranty,20.06
dev-00037,2025-06-01,warranty,20.71
dev-00265,2025-06-01,support,21.0
dev-00341,2025-06-01,warranty,24.61
dev-00047,2025-06-01,support,21.38
dev-00158,2025-06-01,support,23.81
dev-00361,2025-06-01,support,13.35
dev-00794,2025-06-01,repairs,11.88
dev-00575,2025-06-01,repairs,20.34
dev-00680,2025-06-01,repairs,11.01
dev-00626,2025-06-01,support,28.34
dev-00413,2025-06-01,support,20.7
dev-00228,2025-06-01,repairs,22.08
dev-00702,2025-06-01,warranty,11.34
dev-00188,2025-06-01,support,22.17
dev-00071,2025-06-01,warranty,20.17
dev-00946,2025-06-01,repairs,19.59
dev-00304,2025-06-01,warranty,26.07
dev-00913,2025-06-01,support,16.63
dev-00803,2025-06-01,support,27.32
dev-00810,2025-06-01,repairs,11.92
dev-00746,2025-06-01,repairs,12.76
dev-00369,2025-06-01,repairs,25.08
dev-00449,2025-06-01,warranty,10.02
dev-00969,2025-06-01,warranty,21.02
dev-00537,2025-06-01,repairs,15.89
dev-00783,2025-06-01,warranty,22.51
dev-00844,2025-06-01,warranty,12.71
dev-00248,2025-06-01,warranty,11.18
dev-00346,2025-06-01,warranty,15.55
dev-00156,2025-06-01,support,29.75
dev-00431,2025-06-01,repairs,14.23
dev-00543,2025-06-01,warranty,28.49
dev-00062,2025-06-01,repairs,24.96
dev-00416,2025-06-01,warranty,18.43
dev-00280,2025-06-01,support,21.55
dev-00559,2025-06-01,repairs,13.93
dev-00446,2025-06-01,warranty,23.46
dev-00040,2025-06-01,repairs,22.55
dev-00764,2025-06-01,warranty,12.55
dev-00440,2025-06-01,repairs,14.16
dev-00459,2025-06-01,warranty,15.54
dev-00199,2025-06-01,repairs,23.92
dev-00603,2025-06-01,warranty,27.05
dev-00562,2025-06-01,warranty,24.34
dev-00225,2025-06-01,support,17.18
dev-00735,2025-06-01,warranty,23.91
dev-00258,2025-06-01,warranty,14.87
dev-00307,2025-06-01,repairs,13.88
dev-00555,2025-06-01,warranty,20.07
dev-00516,2025-06-01,support,16.71
dev-00200,2025-06-01,warranty,18.14
dev-00561,2025-06-01,support,13.94
dev-00311,2025-06-01,repairs,29.69
dev-00182,2025-06-01,warranty,16.89
dev-00326,2025-06-01,repairs,14.62
dev-00820,2025-06-01,support,19.14
dev-00234,2025-06-01,support,17.96
dev-00392,2025-06-01,repairs,11.92
dev-00949,2025-06-01,repairs,14.48
dev-00646,2025-06-01,warranty,23.68
dev-00306,2025-06-01,repairs,13.24
dev-00875,2025-06-01,repairs,11.79
dev-00142,2025-06-01,repairs,27.67
dev-00554,2025-06-01,repairs,29.57
dev-00049,2025-06-01,warranty,19.39
dev-00339,2025-06-01,support,27.3
dev-00343,2025-06-01,warranty,27.21
dev-00986,2025-06-01,warranty,21.64
dev-00457,2025-06-01,repairs,14.36
dev-00836,2025-06-01,warranty,15.27
dev-00455,2025-06-01,repairs,20.82
dev-00284,2025-06-01,support,11.34
dev-00722,2025-06-01,support,17.84
dev-00052,2025-06-01,warranty,21.35
dev-00403,2025-06-01,warranty,28.78
dev-00887,2025-06-01,support,19.74
dev-00460,2025-06-01,repairs,11.12
dev-00635,2025-06-01,support,21.14
dev-00344,2025-06-01,support,29.38
dev-00903,2025-06-01,support,26.83
dev-00082,2025-06-01,support,19.21
dev-00373,2025-06-01,warranty,17.66
dev-00407,2025-06-01,repairs,17.88
dev-00164,2025-06-01,warranty,11.68
dev-00211,2025-06-01,repairs,26.08
dev-00579,2025-06-01,support,17.23
dev-00895,2025-06-01,support,21.62
dev-00747,2025-06-01,support,16.01
dev-00010,2025-06-01,warranty,18.82
dev-00609,2025-06-01,support,17.83
dev-00035,2025-06-01,warranty,23.7
dev-00845,2025-06-01,repairs,25.4
dev-00342,2025-06-01,repairs,14.49
dev-00931,2025-06-01,support,16.88
dev-00333,2025-06-01,support,22.94
dev-00110,2025-06-01,support,13.35
dev-00044,2025-06-01,warranty,12.59
dev-00506,2025-06-01,warranty,17.71
dev-00645,2025-06-01,support,27.64
dev-00717,2025-06-01,warranty,11.77
dev-00317,2025-06-01,warranty,15.11
dev-00749,2025-06-01,support,23.31
dev-00029,2025-06-01,repairs,16.87
dev-00683,2025-06-01,repairs,21.1
dev-00615,2025-06-01,support,15.33
dev-00105,2025-06-01,warranty,12.03
dev-00240,2025-06-01,repairs,27.0
dev-00103,2025-06-01,repairs,27.73
dev-00086,2025-06-01,warranty,20.68
dev-00801,2025-06-01,support,28.98
dev-00979,2025-06-01,repairs,29.01
dev-00520,2025-06-01,repairs,11.96
dev-00398,2025-06-01,repairs,28.61
dev-00098,2025-06-01,warranty,22.79
dev-00616,2025-06-01,repairs,16.22
dev-00704,2025-06-01,repairs,11.69
dev-00020,2025-06-01,repairs,21.42
dev-00146,2025-06-01,support,15.27
dev-00337,2025-06-01,warranty,21.19
dev-00303,2025-06-01,warranty,27.75
dev-00839,2025-06-01,repairs,29.31
dev-00456,2025-06-01,support,28.94
dev-00699,2025-06-01,warranty,27.78
dev-00399,2025-06-01,repairs,11.15
dev-00056,2025-06-01,repairs,14.72
dev-00910,2025-06-01,warranty,15.21
dev-00720,2025-06-01,warranty,28.99
dev-00855,2025-06-01,warranty,26.18
dev-00173,2025-06-01,warranty,11.55
dev-00650,2025-06-01,repairs,26.69
dev-00025,2025-06-01,repairs,20.58
dev-00847,2025-06-01,support,10.56
dev-00863,2025-06-01,repairs,15.34
dev-00636,2025-06-01,support,25.57
dev-00380,2025-06-01,support,28.32
dev-00802,2025-06-01,repairs,23.5
dev-00323,2025-06-01,support,16.62
dev-00275,2025-06-01,support,18.03
dev-00955,2025-06-01,repairs,27.9
dev-00800,2025-06-01,support,24.43
dev-00786,2025-06-01,repairs,16.71
dev-00781,2025-06-01,warranty,17.21
dev-00001,2025-06-01,warranty,18.73
dev-00914,2025-06-01,repairs,19.44
dev-00960,2025-06-01,support,17.86
dev-00139,2025-06-01,repairs,21.89
dev-00187,2025-06-01,repairs,17.65
dev-00940,2025-06-01,warranty,18.62
dev-00974,2025-06-01,support,12.53
dev-00580,2025-06-01,warranty,16.87
dev-00366,2025-06-01,support,10.44
dev-00061,2025-06-01,repairs,28.17
dev-00011,2025-06-01,repairs,16.64
dev-00162,2025-06-01,repairs,28.34
dev-00428,2025-06-01,support,20.16
dev-00809,2025-06-01,support,13.71
dev-00835,2025-06-01,support,21.92
dev-00081,2025-06-01,support,25.73
dev-00328,2025-06-01,support,21.51
dev-00114,2025-06-01,support,16.04
dev-00880,2025-06-01,support,13.63
dev-00220,2025-06-01,warranty,10.27
dev-00737,2025-06-01,support,12.73
dev-00822,2025-06-01,support,25.54
dev-00356,2025-06-01,repairs,29.75
dev-00671,2025-06-01,support,13.63
dev-00703,2025-06-01,warranty,28.66
dev-00742,2025-06-01,support,11.05
dev-00866,2025-06-01,repairs,29.07
dev-00266,2025-06-01,repairs,20.89
dev-00451,2025-06-01,warranty,14.96
dev-00649,2025-06-01,warranty,28.82
dev-00633,2025-06-01,warranty,16.02
dev-00348,2025-06-01,support,27.72
dev-00033,2025-06-01,warranty,24.37
dev-00761,2025-06-01,warranty,19.06
dev-00290,2025-06-01,support,14.4
dev-00981,2025-06-01,support,14.52
dev-00505,2025-06-01,repairs,28.07
dev-00799,2025-06-01,warranty,20.68
dev-00454,2025-06-01,repairs,24.62
dev-00788,2025-06-01,support,28.8
dev-00196,2025-06-01,support,28.4
dev-00133,2025-06-01,warranty,28.64
dev-00475,2025-06-01,warranty,17.37
dev-00935,2025-06-01,repairs,18.93
dev-00564,2025-06-01,repairs,15.62
dev-00051,2025-06-01,warranty,14.18
dev-00363,2025-06-01,repairs,15.59
dev-00605,2025-06-01,warranty,18.66
dev-00691,2025-06-01,repairs,25.95
dev-00375,2025-06-01,support,15.34
dev-00660,2025-06-01,repairs,23.01
dev-00806,2025-06-01,repairs,19.96
dev-00237,2025-06-01,warranty,19.94
dev-00870,2025-06-01,repairs,29.3
dev-00068,2025-06-01,repairs,28.68
dev-00050,2025-06-01,repairs,10.51
dev-00853,2025-06-01,repairs,18.22
dev-00834,2025-06-01,support,27.51
dev-00295,2025-06-01,warranty,14.45
dev-00694,2025-06-01,support,19.26
dev-00637,2025-06-01,warranty,21.55
dev-00222,2025-06-01,support,23.64
dev-00312,2025-06-01,support,13.77
dev-00013,2025-06-01,support,10.07
dev-00209,2025-06-01,support,28.22
dev-00593,2025-06-01,repairs,26.55
dev-00948,2025-07-01,support,11.73
dev-00782,2025-07-01,repairs,15.35
dev-00645,2025-07-01,warranty,21.32
dev-00718,2025-07-01,repairs,16.84
dev-00366,2025-07-01,support,15.43
dev-00835,2025-07-01,repairs,28.67
dev-00157,2025-07-01,warranty,21.52
dev-00834,2025-07-01,support,21.85
dev-00450,2025-07-01,warranty,21.82
dev-00955,2025-07-01,support,20.94
dev-00550,2025-07-01,support,26.1
dev-00065,2025-07-01,warranty,19.54
dev-00026,2025-07-01,warranty,26.22
dev-00950,2025-07-01,warranty,15.07
dev-00959,2025-07-01,support,29.53
dev-00377,2025-07-01,repairs,10.3
dev-00334,2025-07-01,repairs,27.34
dev-00665,2025-07-01,support,11.92
dev-00532,2025-07-01,repairs,23.23
dev-00675,2025-07-01,warranty,16.15
dev-00047,2025-07-01,warranty,21.43
dev-00038,2025-07-01,repairs,18.6
dev-00988,2025-07-01,repairs,18.07
dev-00943,2025-07-01,repairs,21.33
dev-00156,2025-07-01,support,18.12
dev-00496,2025-07-01,repairs,29.1
dev-00877,2025-07-01,support,14.31
dev-00699,2025-07-01,warranty,18.53
dev-00183,2025-07-01,support,14.63
dev-00747,2025-07-01,repairs,29.7
dev-00132,2025-07-01,warranty,12.64
dev-00068,2025-07-01,repairs,17.79
dev-00317,2025-07-01,warranty,19.21
dev-00191,2025-07-01,support,23.91
dev-00328,2025-07-01,repairs,20.7
dev-00475,2025-07-01,support,22.97
dev-00679,2025-07-01,support,17.05
dev-00868,2025-07-01,repairs,28.72
dev-00200,2025-07-01,repairs,23.7
dev-00123,2025-07-01,repairs,23.86
dev-00436,2025-07-01,warranty,12.31
dev-00028,2025-07-01,warranty,22.6
dev-00619,2025-07-01,support,16.58
dev-00309,2025-07-01,warranty,10.62
dev-00233,2025-07-01,repairs,23.44
dev-00588,2025-07-01,repairs,22.74
dev-00709,2025-07-01,warranty,14.66
dev-00811,2025-07-01,warranty,10.91
dev-00127,2025-07-01,warranty,21.72
dev-00788,2025-07-01,support,26.84
dev-00941,2025-07-01,support,19.73
dev-00223,2025-07-01,support,15.45
dev-00999,2025-07-01,support,21.26
dev-00408,2025-07-01,support,25.99
dev-00542,2025-07-01,support,19.6
dev-00826,2025-07-01,repairs,11.0
dev-00643,2025-07-01,warranty,18.42
dev-00711,2025-07-01,repairs,19.29
dev-00089,2025-07-01,support,16.18
dev-00507,2025-07-01,repairs,25.25
dev-00169,2025-07-01,support,18.02
dev-00931,2025-07-01,repairs,18.96
dev-00036,2025-07-01,support,28.47
dev-00204,2025-07-01,warranty,18.4
dev-00125,2025-07-01,warranty,17.71
dev-00203,2025-07-01,support,18.53
dev-00388,2025-07-01,warranty,15.14
dev-00638,2025-07-01,support,10.66
dev-00355,2025-07-01,support,14.89
dev-00360,2025-07-01,support,23.98
dev-00727,2025-07-01,support,13.98
dev-00158,2025-07-01,repairs,24.78
dev-00531,2025-07-01,support,21.3
dev-00795,2025-07-01,repairs,13.73
dev-00401,2025-07-01,support,18.83
dev-00181,2025-07-01,warranty,27.65
dev-00739,2025-07-01,repairs,23.0
dev-00986,2025-07-01,warranty,21.39
dev-00616,2025-07-01,support,14.45
dev-00661,2025-07-01,warranty,10.99
dev-00967,2025-07-01,support,21.87
dev-00590,2025-07-01,repairs,10.16
dev-00744,2025-07-01,support,17.0
dev-00647,2025-07-01,warranty,20.58
dev-00974,2025-07-01,support,18.27
dev-00497,2025-07-01,warranty,18.53
dev-00803,2025-07-01,warranty,29.75
dev-00253,2025-07-01,support,22.28
dev-00353,2025-07-01,repairs,22.42
dev-00131,2025-07-01,repairs,26.81
dev-00737,2025-07-01,support,22.23
dev-00383,2025-07-01,support,28.45
dev-00631,2025-07-01,support,23.15
dev-00361,2025-07-01,warranty,15.97
dev-00848,2025-07-01,support,25.07
dev-00881,2025-07-01,support,24.91
dev-00676,2025-07-01,support,24.18
dev-00700,2025-07-01,warranty,25.83
dev-00219,2025-07-01,support,22.24
dev-00241,2025-07-01,support,21.39
dev-00152,2025-07-01,repairs,21.78
dev-00174,2025-07-01,repairs,14.85
dev-00155,2025-07-01,repairs,28.89
dev-00656,2025-07-01,support,15.52
dev-00710,2025-07-01,support,15.7
dev-00790,2025-07-01,repairs,27.62
dev-00995,2025-07-01,support,15.28
dev-00454,2025-07-01,repairs,25.18
dev-00956,2025-07-01,repairs,23.99
dev-00717,2025-07-01,warranty,12.92
dev-00908,2025-07-01,warranty,21.87
dev-00195,2025-07-01,repairs,18.4
dev-00535,2025-07-01,repairs,24.46
dev-00618,2025-07-01,repairs,28.7
dev-00623,2025-07-01,repairs,23.38
dev-00179,2025-07-01,repairs,22.85
dev-00002,2025-07-01,repairs,21.65
dev-00295,2025-07-01,support,12.0
dev-00373,2025-07-01,warranty,12.07
dev-00874,2025-07-01,warranty,29.95
dev-00486,2025-07-01,repairs,18.91
dev-00708,2025-07-01,warranty,23.83
dev-00977,2025-07-01,warranty,27.21
dev-00849,2025-07-01,warranty,19.58
dev-00801,2025-07-01,support,27.98
dev-00852,2025-07-01,repairs,16.95
dev-00228,2025-07-01,support,22.61
dev-00876,2025-07-01,support,17.41
dev-00363,2025-07-01,support,26.01
dev-00231,2025-07-01,warranty,27.18
dev-00133,2025-07-01,warranty,10.75
dev-00892,2025-07-01,warranty,10.86
dev-00434,2025-07-01,support,21.33
dev-00438,2025-07-01,support,17.63
dev-00090,2025-07-01,warranty,12.97
dev-00520,2025-07-01,repairs,14.47
dev-00359,2025-07-01,warranty,26.46
dev-00938,2025-07-01,warranty,27.94
dev-00481,2025-07-01,support,12.13
dev-00407,2025-07-01,warranty,14.08
dev-00094,2025-07-01,support,16.67
dev-00051,2025-07-01,support,27.29
dev-00565,2025-07-01,repairs,24.14
dev-00471,2025-07-01,support,13.81
dev-00980,2025-07-01,repairs,16.75
dev-00524,2025-07-01,repairs,26.79
dev-00192,2025-07-01,warranty,21.11
dev-00399,2025-07-01,support,29.42
dev-00622,2025-07-01,warranty,28.45
dev-00510,2025-07-01,repairs,14.37
dev-00807,2025-07-01,warranty,15.22
dev-00124,2025-07-01,support,21.05
dev-00783,2025-07-01,warranty,15.19
dev-00518,2025-07-01,support,17.93
dev-00827,2025-07-01,warranty,11.69
dev-00163,2025-07-01,warranty,28.69
dev-00205,2025-07-01,repairs,17.42
dev-00391,2025-07-01,warranty,15.93
dev-00040,2025-07-01,warranty,13.81
dev-00102,2025-07-01,support,13.15
dev-00015,2025-07-01,repairs,24.82
dev-00504,2025-07-01,warranty,27.16
dev-00128,2025-07-01,warranty,16.2
dev-00160,2025-07-01,support,13.66
dev-00406,2025-07-01,support,14.16
dev-00103,2025-07-01,warranty,10.37
dev-00872,2025-07-01,warranty,23.27
dev-00921,2025-07-01,repairs,21.59
dev-00567,2025-07-01,repairs,24.83
dev-00905,2025-07-01,repairs,26.02
dev-00572,2025-07-01,support,25.63
dev-00695,2025-07-01,repairs,26.62
dev-00574,2025-07-01,warranty,21.04
dev-00648,2025-07-01,repairs,16.28
dev-00188,2025-07-01,repairs,27.94
dev-00724,2025-07-01,repairs,27.21
dev-00092,2025-07-01,support,25.07
dev-00505,2025-07-01,warranty,13.06
dev-00683,2025-07-01,repairs,11.79
dev-00813,2025-07-01,repairs,29.45
dev-00646,2025-07-01,support,27.79
dev-00446,2025-07-01,warranty,19.32
dev-00725,2025-07-01,warranty,29.87
dev-00781,2025-07-01,support,14.16
dev-00269,2025-07-01,support,11.17
dev-00547,2025-07-01,warranty,20.73
dev-00265,2025-07-01,support,28.94
dev-00799,2025-07-01,warranty,13.24
dev-00413,2025-07-01,repairs,22.19
dev-00490,2025-07-01,support,18.44
dev-00206,2025-07-01,support,13.62
dev-00333,2025-07-01,support,24.6
dev-00893,2025-07-01,warranty,13.98
dev-00772,2025-07-01,warranty,20.41
dev-00816,2025-07-01,warranty,22.47
dev-00135,2025-07-01,warranty,10.19
dev-00149,2025-07-01,warranty,12.69
dev-00215,2025-07-01,support,21.47
dev-00222,2025-07-01,warranty,14.31
dev-00879,2025-07-01,warranty,14.59
dev-00994,2025-07-01,warranty,13.95
dev-00146,2025-07-01,support,19.37
dev-00166,2025-07-01,warranty,24.68
dev-00730,2025-07-01,warranty,23.41
dev-00521,2025-07-01,support,25.67
dev-00018,2025-07-01,support,28.66
dev-00650,2025-07-01,warranty,18.75
dev-00109,2025-07-01,support,12.84
dev-00773,2025-07-01,support,22.19
dev-00886,2025-07-01,support,25.02
dev-00300,2025-07-01,support,14.98
dev-00260,2025-07-01,repairs,11.13
dev-00929,2025-07-01,support,22.84
dev-00932,2025-07-01,warranty,11.12
dev-00828,2025-07-01,warranty,28.2
dev-00687,2025-07-01,repairs,21.63
dev-00759,2025-07-01,support,26.32
dev-00580,2025-07-01,warranty,14.7
dev-00951,2025-07-01,warranty,15.42
dev-00735,2025-07-01,warranty,10.93
dev-00681,2025-07-01,repairs,15.92
dev-00702,2025-07-01,warranty,28.93
dev-00917,2025-07-01,repairs,26.19
dev-00189,2025-07-01,warranty,11.82
dev-00972,2025-07-01,repairs,13.26
dev-00752,2025-07-01,warranty,23.24
dev-00993,2025-07-01,warranty,15.85
dev-00415,2025-07-01,support,11.17
dev-00059,2025-07-01,repairs,18.27
dev-00387,2025-07-01,support,23.21
dev-00945,2025-07-01,repairs,19.25
dev-00633,2025-07-01,warranty,26.63
dev-00346,2025-07-01,support,22.84
dev-00217,2025-07-01,repairs,19.9
dev-00381,2025-07-01,support,18.28
dev-00672,2025-07-01,repairs,25.73
dev-00859,2025-07-01,repairs,28.71
dev-00853,2025-07-01,warranty,28.51
dev-00249,2025-07-01,warranty,17.73
dev-00651,2025-07-01,repairs,20.83
dev-00740,2025-07-01,repairs,27.45
dev-00491,2025-07-01,support,13.08
dev-00251,2025-07-01,repairs,19.38
dev-00069,2025-07-01,warranty,16.79
dev-00664,2025-07-01,warranty,13.6
dev-00118,2025-07-01,support,21.98
dev-00545,2025-07-01,repairs,25.64
dev-00057,2025-07-01,support,17.71
dev-00279,2025-07-01,repairs,15.63
dev-00861,2025-07-01,support,28.3
dev-00701,2025-07-01,repairs,24.79
dev-00839,2025-07-01,warranty,19.71
dev-00283,2025-07-01,repairs,13.75
dev-00108,2025-07-01,repairs,25.39
dev-00242,2025-07-01,warranty,25.89
dev-00007,2025-07-01,warranty,12.6
dev-00498,2025-07-01,warranty,29.59
dev-00686,2025-07-01,warranty,20.62
dev-00323,2025-07-01,repairs,10.84
dev-00235,2025-07-01,repairs,16.93
dev-00573,2025-07-01,repairs,21.06
dev-00313,2025-07-01,repairs,22.28
dev-00936,2025-07-01,repairs,28.33
dev-00669,2025-07-01,warranty,19.09
dev-00576,2025-07-01,warranty,27.26
dev-00332,2025-07-01,support,15.83
dev-00153,2025-07-01,warranty,25.96
dev-00014,2025-07-01,warranty,21.97
dev-00904,2025-07-01,support,12.07
dev-00074,2025-07-01,repairs,22.35
dev-00226,2025-07-01,repairs,17.1
dev-00395,2025-07-01,repairs,16.37
dev-00885,2025-07-01,warranty,19.88
dev-00411,2025-07-01,warranty,13.51
dev-00677,2025-07-01,support,28.91
dev-00850,2025-07-01,repairs,15.09
dev-00796,2025-07-01,warranty,21.15
dev-00294,2025-07-01,warranty,13.27
dev-00680,2025-07-01,support,27.14
dev-00409,2025-07-01,warranty,12.89
dev-00741,2025-07-01,support,13.52
dev-00585,2025-07-01,repairs,16.41
dev-00485,2025-07-01,support,21.82
dev-00673,2025-07-01,repairs,17.65
dev-00375,2025-07-01,warranty,28.18
dev-00396,2025-07-01,repairs,24.72
dev-00989,2025-07-01,repairs,20.79
dev-00322,2025-07-01,warranty,14.05
dev-00284,2025-07-01,support,15.89
dev-00488,2025-07-01,support,27.54
dev-00856,2025-07-01,warranty,16.09
dev-00371,2025-07-01,repairs,19.98
dev-00327,2025-07-01,repairs,21.6
dev-00258,2025-07-01,support,10.23
dev-00583,2025-07-01,support,10.42
dev-00075,2025-07-01,warranty,10.21
dev-00728,2025-07-01,support,22.28
dev-00642,2025-07-01,support,25.32
dev-00732,2025-07-01,repairs,16.99
dev-00757,2025-07-01,repairs,25.32
dev-00321,2025-08-01,warranty,23.2
dev-00195,2025-08-01,repairs,25.35
dev-00807,2025-08-01,warranty,11.19
dev-00699,2025-08-01,support,20.68
dev-00459,2025-08-01,support,13.28
dev-00509,2025-08-01,support,25.13
dev-00264,2025-08-01,warranty,27.16
dev-00639,2025-08-01,warranty,26.88
dev-00719,2025-08-01,warranty,27.64
dev-00926,2025-08-01,repairs,22.19
dev-00187,2025-08-01,support,23.46
dev-00407,2025-08-01,warranty,14.29
dev-00438,2025-08-01,support,18.15
dev-00650,2025-08-01,repairs,11.67
dev-00674,2025-08-01,support,22.7
dev-00215,2025-08-01,repairs,29.27
dev-00164,2025-08-01,support,13.54
dev-00971,2025-08-01,support,12.1
dev-00899,2025-08-01,support,21.04
dev-00613,2025-08-01,warranty,10.02
dev-00759,2025-08-01,warranty,13.8
dev-00325,2025-08-01,repairs,20.12
dev-00425,2025-08-01,warranty,14.02
dev-00239,2025-08-01,warranty,24.34
dev-00275,2025-08-01,warranty,11.98
dev-00190,2025-08-01,repairs,26.98
dev-00464,2025-08-01,repairs,29.42
dev-00944,2025-08-01,support,27.95
dev-00510,2025-08-01,support,24.74
dev-00486,2025-08-01,repairs,27.12
dev-00327,2025-08-01,repairs,19.54
dev-00814,2025-08-01,repairs,28.76
dev-00175,2025-08-01,repairs,28.82
dev-00984,2025-08-01,warranty,18.12
dev-00934,2025-08-01,support,19.86
dev-00368,2025-08-01,warranty,23.01
dev-00581,2025-08-01,support,25.11
dev-00158,2025-08-01,repairs,17.4
dev-00018,2025-08-01,repairs,13.34
dev-00429,2025-08-01,repairs,27.98
dev-00083,2025-08-01,repairs,20.45
dev-00908,2025-08-01,repairs,26.26
dev-00409,2025-08-01,warranty,25.41
dev-00358,2025-08-01,repairs,12.55
dev-00556,2025-08-01,repairs,18.89
dev-00086,2025-08-01,support,12.34
dev-00146,2025-08-01,repairs,23.9
dev-00829,2025-08-01,support,29.4
dev-00620,2025-08-01,support,21.59
dev-00138,2025-08-01,repairs,22.87
dev-00029,2025-08-01,repairs,23.86
dev-00670,2025-08-01,support,23.21
dev-00378,2025-08-01,warranty,24.69
dev-00587,2025-08-01,warranty,29.81
dev-00743,2025-08-01,repairs,13.01
dev-00162,2025-08-01,support,17.54
dev-00155,2025-08-01,repairs,29.07
dev-00607,2025-08-01,support,20.68
dev-00293,2025-08-01,warranty,22.23
dev-00120,2025-08-01,support,21.49
dev-00074,2025-08-01,warranty,12.77
dev-00331,2025-08-01,support,14.08
dev-00886,2025-08-01,repairs,20.14
dev-00788,2025-08-01,repairs,27.82
dev-00421,2025-08-01,warranty,16.87
dev-00224,2025-08-01,warranty,22.05
dev-00044,2025-08-01,repairs,18.7
dev-00156,2025-08-01,repairs,10.18
dev-00606,2025-08-01,support,24.76
dev-00326,2025-08-01,warranty,21.59
dev-00324,2025-08-01,repairs,10.45
dev-00776,2025-08-01,support,22.55
dev-00681,2025-08-01,warranty,25.3
dev-00718,2025-08-01,support,18.46
dev-00596,2025-08-01,support,11.26
dev-00412,2025-08-01,support,21.48
dev-00977,2025-08-01,support,19.69
dev-00447,2025-08-01,repairs,10.08
dev-00251,2025-08-01,repairs,19.15
dev-00475,2025-08-01,repairs,23.59
dev-00685,2025-08-01,support,21.18
dev-00738,2025-08-01,repairs,22.36
dev-00832,2025-08-01,repairs,15.68
dev-00963,2025-08-01,support,11.51
dev-00662,2025-08-01,repairs,13.87
dev-00419,2025-08-01,repairs,26.04
dev-00177,2025-08-01,support,12.25
dev-00847,2025-08-01,support,14.85
dev-00638,2025-08-01,support,20.38
dev-00741,2025-08-01,repairs,16.87
dev-00304,2025-08-01,support,24.66
dev-00928,2025-08-01,repairs,26.17
dev-00783,2025-08-01,warranty,29.94
dev-00185,2025-08-01,support,25.53
dev-00966,2025-08-01,repairs,10.56
dev-00442,2025-08-01,support,16.32
dev-00387,2025-08-01,repairs,13.33
dev-00078,2025-08-01,repairs,20.3
dev-00344,2025-08-01,support,27.52
dev-00680,2025-08-01,support,29.3
dev-00266,2025-08-01,warranty,26.71
dev-00993,2025-08-01,warranty,13.28
dev-00527,2025-08-01,warranty,29.22
dev-00028,2025-08-01,warranty,17.93
dev-00916,2025-08-01,support,21.06
dev-00920,2025-08-01,warranty,10.36
dev-00565,2025-08-01,repairs,13.58
dev-00348,2025-08-01,repairs,26.67
dev-00100,2025-08-01,support,20.4
dev-00200,2025-08-01,warranty,10.01
dev-00210,2025-08-01,repairs,21.46
dev-00742,2025-08-01,warranty,27.5
dev-00110,2025-08-01,warranty,16.6
dev-00229,2025-08-01,support,23.34
dev-00671,2025-08-01,repairs,21.02
dev-00552,2025-08-01,repairs,21.9
dev-00779,2025-08-01,support,15.24
dev-00872,2025-08-01,repairs,29.9
dev-00042,2025-08-01,repairs,16.95
dev-00045,2025-08-01,warranty,10.29
dev-00280,2025-08-01,support,25.77
dev-00588,2025-08-01,warranty,10.94
dev-00548,2025-08-01,warranty,10.92
dev-00873,2025-08-01,support,24.4
dev-00883,2025-08-01,repairs,18.07
dev-00230,2025-08-01,repairs,27.77
dev-00722,2025-08-01,repairs,17.12
dev-00161,2025-08-01,warranty,10.35
dev-00066,2025-08-01,support,17.75
dev-00839,2025-08-01,warranty,21.16
dev-00658,2025-08-01,repairs,13.83
dev-00955,2025-08-01,support,29.57
dev-00182,2025-08-01,repairs,26.89
dev-00933,2025-08-01,support,18.64
dev-00097,2025-08-01,repairs,11.04
dev-00849,2025-08-01,support,28.28
dev-00178,2025-08-01,warranty,23.07
dev-00801,2025-08-01,repairs,19.44
dev-00079,2025-08-01,support,27.56
dev-00382,2025-08-01,warranty,10.62
dev-00768,2025-08-01,repairs,25.0
dev-00910,2025-08-01,support,17.45
dev-00524,2025-08-01,repairs,12.46
dev-00679,2025-08-01,warranty,15.43
dev-00116,2025-08-01,support,16.06
dev-00729,2025-08-01,support,12.63
dev-00861,2025-08-01,repairs,28.76
dev-00885,2025-08-01,support,19.68
dev-00917,2025-08-01,repairs,16.86
dev-00446,2025-08-01,support,21.17
dev-00557,2025-08-01,support,26.37
dev-00428,2025-08-01,support,13.3
dev-00549,2025-08-01,warranty,17.56
dev-00512,2025-08-01,warranty,12.34
dev-00925,2025-08-01,support,22.23
dev-00306,2025-08-01,support,27.44
dev-00009,2025-08-01,warranty,16.31
dev-00107,2025-08-01,support,25.36
dev-00782,2025-08-01,warranty,28.78
dev-00597,2025-08-01,warranty,12.5
dev-00113,2025-08-01,warranty,16.64
dev-00544,2025-08-01,warranty,28.64
dev-00335,2025-08-01,repairs,23.2
dev-00269,2025-08-01,support,25.86
dev-00570,2025-08-01,support,19.98
dev-00551,2025-08-01,support,28.02
dev-00060,2025-08-01,support,20.82
dev-00399,2025-08-01,repairs,25.71
dev-00317,2025-08-01,support,21.95
dev-00313,2025-08-01,repairs,18.74
dev-00769,2025-08-01,warranty,11.93
dev-00137,2025-08-01,warranty,20.69
dev-00690,2025-08-01,support,10.12
dev-00001,2025-08-01,warranty,29.39
dev-00906,2025-08-01,support,16.66
dev-00969,2025-08-01,support,14.36
dev-00398,2025-08-01,warranty,24.03
dev-00868,2025-08-01,repairs,11.13
dev-00584,2025-08-01,repairs,14.98
dev-00515,2025-08-01,warranty,23.17
dev-00972,2025-08-01,warranty,28.61
dev-00453,2025-08-01,warranty,28.59
dev-00654,2025-08-01,support,14.74
dev-00538,2025-08-01,repairs,12.86
dev-00492,2025-08-01,support,19.89
dev-00922,2025-08-01,support,25.45
dev-00322,2025-08-01,repairs,22.85
dev-00534,2025-08-01,repairs,14.93
dev-00336,2025-08-01,support,21.11
dev-00795,2025-08-01,repairs,23.5
dev-00755,2025-08-01,repairs,16.49
dev-00824,2025-08-01,warranty,21.69
dev-00818,2025-08-01,support,13.41
dev-00846,2025-08-01,support,12.8
dev-00289,2025-08-01,support,12.03
dev-00958,2025-08-01,warranty,29.55
dev-00767,2025-08-01,support,19.79
dev-00319,2025-08-01,repairs,11.68
dev-00794,2025-08-01,warranty,11.09
dev-00764,2025-08-01,warranty,20.58
dev-00122,2025-08-01,repairs,10.94
dev-00611,2025-08-01,support,21.99
dev-00851,2025-08-01,support,18.96
dev-00889,2025-08-01,support,15.38
dev-00133,2025-08-01,warranty,25.29
dev-00223,2025-08-01,repairs,14.3
dev-00859,2025-08-01,warranty,15.95
dev-00675,2025-08-01,repairs,24.64
dev-00907,2025-08-01,repairs,15.92
dev-00115,2025-08-01,support,12.38
dev-00626,2025-08-01,repairs,16.01
dev-00145,2025-08-01,repairs,19.19
dev-00733,2025-08-01,support,15.79
dev-00923,2025-08-01,repairs,14.06
dev-00149,2025-08-01,support,14.63
dev-00184,2025-08-01,repairs,20.69
dev-00077,2025-08-01,warranty,13.9
dev-00198,2025-08-01,repairs,14.36
dev-00188,2025-08-01,warranty,27.48
dev-00962,2025-08-01,warranty,23.77
dev-00831,2025-08-01,warranty,26.51
dev-00707,2025-08-01,repairs,28.37
dev-00876,2025-08-01,warranty,18.54
dev-00047,2025-08-01,warranty,20.26
dev-00292,2025-08-01,repairs,20.7
dev-00168,2025-08-01,warranty,26.24
dev-00627,2025-08-01,repairs,11.37
dev-00260,2025-08-01,warranty,19.6
dev-00545,2025-08-01,support,13.93
dev-00811,2025-08-01,support,26.54
dev-00856,2025-08-01,support,13.68
dev-00806,2025-08-01,repairs,11.25
dev-00751,2025-08-01,warranty,12.44
dev-00498,2025-08-01,repairs,16.11
dev-00858,2025-08-01,support,26.63
dev-00582,2025-08-01,warranty,28.53
dev-00717,2025-08-01,repairs,14.53
dev-00791,2025-08-01,repairs,11.0
dev-00093,2025-08-01,repairs,21.29
dev-00483,2025-08-01,warranty,17.12
dev-00630,2025-08-01,repairs,19.57
dev-00458,2025-08-01,support,15.58
dev-00852,2025-08-01,support,19.93
dev-00417,2025-08-01,repairs,19.58
dev-00603,2025-08-01,repairs,17.58
dev-00625,2025-08-01,warranty,21.85
dev-00609,2025-08-01,support,21.78
dev-00628,2025-08-01,warranty,29.74
dev-00285,2025-08-01,warranty,14.2
dev-00590,2025-08-01,support,12.73
dev-00708,2025-08-01,repairs,21.51
dev-00540,2025-08-01,support,22.58
dev-00099,2025-08-01,support,15.24
dev-00668,2025-08-01,support,11.05
dev-00165,2025-08-01,repairs,21.5
dev-00898,2025-08-01,warranty,23.79
dev-00716,2025-08-01,warranty,10.96
dev-00204,2025-08-01,repairs,21.08
dev-00114,2025-08-01,support,14.56
dev-00563,2025-08-01,warranty,20.63
dev-00021,2025-08-01,warranty,26.65
dev-00059,2025-08-01,repairs,24.18
dev-00225,2025-08-01,warranty,11.9
dev-00443,2025-08-01,warranty,20.81
dev-00433,2025-08-01,support,23.27
dev-00420,2025-08-01,support,28.09
dev-00022,2025-08-01,warranty,23.01
dev-00705,2025-08-01,support,15.54
dev-00173,2025-08-01,repairs,25.53
dev-00724,2025-08-01,support,22.39
dev-00003,2025-08-01,repairs,22.3
dev-00064,2025-08-01,support,21.66
dev-00006,2025-08-01,support,13.41
dev-00357,2025-08-01,support,26.48
dev-00202,2025-08-01,support,16.57
dev-00166,2025-08-01,repairs,21.42
dev-00553,2025-08-01,repairs,12.53
dev-00345,2025-08-01,repairs,24.84
dev-00199,2025-08-01,repairs,11.03
dev-00558,2025-08-01,warranty,11.43
dev-00406,2025-08-01,repairs,21.68
dev-00194,2025-08-01,repairs,20.78
dev-00748,2025-08-01,repairs,27.94
dev-00004,2025-08-01,repairs,26.77
dev-00330,2025-08-01,warranty,15.98
dev-00647,2025-08-01,repairs,13.75
dev-00048,2025-08-01,repairs,28.15
dev-00838,2025-08-01,support,27.97
dev-00785,2025-08-01,support,10.29
dev-00277,2025-08-01,support,25.01
dev-00815,2025-08-01,repairs,15.98
dev-00543,2025-08-01,support,28.51
dev-00241,2025-08-01,warranty,25.8
dev-00564,2025-08-01,warranty,18.51
dev-00002,2025-08-01,warranty,20.46
dev-00364,2025-08-01,support,29.64
dev-00567,2025-08-01,warranty,11.66
dev-00725,2025-08-01,repairs,14.35
dev-00865,2025-08-01,warranty,14.2
dev-00631,2025-08-01,repairs,16.83
