device_id,user_id,model,purchase_date,capex_usd,lifecycle_years
dev-00001,u00001,Dell 5420,2020-04-01,1830.39,3
dev-00002,u00002,HP Z2,2024-03-01,1167.72,5
dev-00003,u00003,Lenovo T14,2021-01-01,1356.82,4
dev-00004,u00004,Lenovo T14,2021-05-01,1265.23,4
dev-00005,u00005,Lenovo T14,2022-12-01,1737.55,5
dev-00006,u00006,Dell 5420,2023-07-01,1671.52,6
dev-00007,u00007,Lenovo T14,2022-03-01,1136.39,5
dev-00008,u00008,Dell 5420,2020-10-01,2148.36,5
dev-00009,u00009,Lenovo T14,2021-12-01,1629.31,6
dev-00010,u00010,Dell 5420,2024-12-01,1261.85,5
dev-00011,u00011,HP Z2,2020-10-01,1451.18,4
dev-00012,u00012,HP Z2,2022-06-01,2326.42,3
dev-00013,u00013,Dell 5420,2021-01-01,2428.77,5
dev-00014,u00014,HP Z2,2023-05-01,1826.6,5
dev-00015,u00015,Dell 5420,2020-02-01,1105.84,5
dev-00016,u00016,Dell 5420,2021-06-01,1217.04,4
dev-00017,u00017,HP Z2,2022-06-01,1046.57,5
dev-00018,u00018,Lenovo T14,2020-06-01,1970.1,5
dev-00019,u00019,Lenovo T14,2023-10-01,2151.91,4
dev-00020,u00020,HP Z2,2020-07-01,1282.14,4
dev-00021,u00021,HP Z2,2021-02-01,1753.63,3
dev-00022,u00022,HP Z2,2023-11-01,2085.54,5
dev-00023,u00023,Dell 5420,2021-04-01,884.42,6
dev-00024,u00024,Dell 5420,2020-05-01,1516.1,3
dev-00025,u00025,Dell 5420,2021-10-01,1355.69,6
dev-00026,u00026,Lenovo T14,2024-01-01,1284.56,3
dev-00027,u00027,Dell 5420,2022-03-01,2230.79,6
dev-00028,u00028,Lenovo T14,2024-09-01,866.5,3
dev-00029,u00029,Lenovo T14,2023-02-01,2210.75,6
dev-00030,u00030,HP Z2,2022-05-01,1339.22,5
dev-00031,u00031,Dell 5420,2020-09-01,2116.84,6
dev-00032,u00032,HP Z2,2020-07-01,1307.35,6
dev-00033,u00033,Dell 5420,2020-06-01,2394.1,3
dev-00034,u00034,Lenovo T14,2021-01-01,2203.28,4
dev-00035,u00035,Lenovo T14,2022-12-01,2031.23,4
dev-00036,u00036,Lenovo T14,2020-04-01,2030.98,5
dev-00037,u00037,HP Z2,2020-12-01,2275.63,5
dev-00038,u00038,Lenovo T14,2020-01-01,2410.15,3
dev-00039,u00039,Dell 5420,2022-12-01,1841.68,6
dev-00040,u00040,Dell 5420,2021-03-01,1791.87,3
dev-00041,u00041,Lenovo T14,2022-03-01,2080.16,6
dev-00042,u00042,HP Z2,2023-11-01,1008.03,4
dev-00043,u00043,HP Z2,2023-11-01,1633.18,5
dev-00044,u00044,Dell 5420,2023-04-01,956.06,5
dev-00045,u00045,HP Z2,2020-06-01,1749.48,4
dev-00046,u00046,HP Z2,2021-12-01,932.63,6
dev-00047,u00047,Lenovo T14,2021-01-01,1939.85,6
dev-00048,u00048,Dell 5420,2021-08-01,977.71,4
dev-00049,u00049,HP Z2,2024-09-01,2259.38,5
dev-00050,u00050,HP Z2,2023-11-01,1061.8,3
dev-00051,u00051,Lenovo T14,2021-06-01,1455.48,6
dev-00052,u00052,HP Z2,2024-04-01,2126.04,4
dev-00053,u00053,Lenovo T14,2022-07-01,1079.13,5
dev-00054,u00054,HP Z2,2020-03-01,1583.62,3
dev-00055,u00055,HP Z2,2020-04-01,828.2,6
dev-00056,u00056,Lenovo T14,2022-01-01,1609.61,6
dev-00057,u00057,Dell 5420,2022-02-01,2375.78,3
dev-00058,u00058,Dell 5420,2023-04-01,1056.05,6
dev-00059,u00059,HP Z2,2022-01-01,1550.28,5
dev-00060,u00060,Lenovo T14,2020-11-01,1450.29,6
dev-00061,u00061,Lenovo T14,2022-04-01,1484.58,5
dev-00062,u00062,HP Z2,2024-08-01,1681.65,3
dev-00063,u00063,HP Z2,2020-11-01,1223.21,3
dev-00064,u00064,Lenovo T14,2020-01-01,2321.6,5
dev-00065,u00065,Lenovo T14,2020-09-01,971.75,4
dev-00066,u00066,HP Z2,2023-07-01,1467.91,4
dev-00067,u00067,HP Z2,2022-08-01,1149.7,4
dev-00068,u00068,Dell 5420,2022-12-01,1813.73,3
dev-00069,u00069,Lenovo T14,2021-09-01,2343.23,6
dev-00070,u00070,HP Z2,2022-12-01,1205.65,5
dev-00071,u00071,HP Z2,2020-03-01,1118.49,6
dev-00072,u00072,Lenovo T14,2020-11-01,1606.82,5
dev-00073,u00073,Lenovo T14,2021-05-01,2298.14,4
dev-00074,u00074,HP Z2,2020-10-01,1398.64,6
dev-00075,u00075,HP Z2,2020-08-01,2284.47,6
dev-00076,u00076,Lenovo T14,2020-01-01,1764.35,5
dev-00077,u00077,Lenovo T14,2024-09-01,1084.42,4
dev-00078,u00078,Lenovo T14,2020-05-01,2166.62,5
dev-00079,u00079,Dell 5420,2023-12-01,1396.33,5
dev-00080,u00080,HP Z2,2023-05-01,1419.29,3
dev-00081,u00081,Dell 5420,2022-12-01,1367.36,6
dev-00082,u00082,Lenovo T14,2022-11-01,1682.83,3
dev-00083,u00083,Lenovo T14,2023-04-01,1920.92,4
dev-00084,u00084,Dell 5420,2023-01-01,1215.43,6
dev-00085,u00085,Dell 5420,2021-12-01,951.77,6
dev-00086,u00086,HP Z2,2020-05-01,2291.14,6
dev-00087,u00087,HP Z2,2021-05-01,2347.56,5
dev-00088,u00088,Dell 5420,2023-10-01,1509.4,5
dev-00089,u00089,Dell 5420,2021-01-01,1785.18,5
dev-00090,u00090,HP Z2,2020-07-01,2152.07,5
dev-00091,u00091,Dell 5420,2020-01-01,1648.18,4
dev-00092,u00092,Dell 5420,2021-09-01,2443.34,4
dev-00093,u00093,Dell 5420,2023-05-01,909.85,5
dev-00094,u00094,Lenovo T14,2023-01-01,1169.45,3
dev-00095,u00095,Lenovo T14,2023-05-01,808.65,5
dev-00096,u00096,HP Z2,2020-01-01,1227.44,5
dev-00097,u00097,Dell 5420,2024-11-01,2429.49,4
dev-00098,u00098,Lenovo T14,2022-03-01,2493.05,4
dev-00099,u00099,Dell 5420,2024-02-01,1294.36,3
dev-00100,u00100,Dell 5420,2022-04-01,2179.91,6
dev-00101,u00101,Dell 5420,2023-02-01,2318.16,5
dev-00102,u00102,HP Z2,2022-03-01,1758.64,5
dev-00103,u00103,HP Z2,2021-11-01,2105.02,5
dev-00104,u00104,Lenovo T14,2023-09-01,1139.19,5
dev-00105,u00105,Lenovo T14,2022-10-01,2376.1,6
dev-00106,u00106,HP Z2,2021-07-01,2130.09,6
dev-00107,u00107,Lenovo T14,2021-09-01,1551.23,5
dev-00108,u00108,HP Z2,2022-08-01,1402.13,6
dev-00109,u00109,Dell 5420,2023-08-01,847.04,3
dev-00110,u00110,Dell 5420,2020-03-01,1845.85,5
dev-00111,u00111,Lenovo T14,2024-09-01,1434.29,5
dev-00112,u00112,Lenovo T14,2023-03-01,1485.0,3
dev-00113,u00113,Dell 5420,2024-08-01,2226.64,3
dev-00114,u00114,Lenovo T14,2022-11-01,981.98,3
dev-00115,u00115,Dell 5420,2024-08-01,1974.01,3
dev-00116,u00116,Lenovo T14,2024-11-01,1668.4,3
dev-00117,u00117,HP Z2,2021-09-01,1045.06,6
dev-00118,u00118,Lenovo T14,2021-11-01,1887.44,4
dev-00119,u00119,Dell 5420,2022-12-01,2481.57,3
dev-00120,u00120,Dell 5420,2024-12-01,1141.19,3
dev-00121,u00121,Lenovo T14,2021-10-01,2295.83,3
dev-00122,u00122,Lenovo T14,2021-02-01,1605.36,6
dev-00123,u00123,Dell 5420,2020-02-01,1309.87,6
dev-00124,u00124,Lenovo T14,2021-09-01,1242.46,6
dev-00125,u00125,HP Z2,2024-02-01,1535.0,3
dev-00126,u00126,Lenovo T14,2021-12-01,1917.69,4
dev-00127,u00127,HP Z2,2024-04-01,1609.47,5
dev-00128,u00128,Dell 5420,2020-10-01,1638.04,5
dev-00129,u00129,Dell 5420,2023-12-01,2159.75,6
dev-00130,u00130,Dell 5420,2023-03-01,847.55,6
dev-00131,u00131,Lenovo T14,2024-07-01,818.73,5
dev-00132,u00132,Lenovo T14,2024-08-01,872.47,5
dev-00133,u00133,Lenovo T14,2023-12-01,1579.2,3
dev-00134,u00134,Lenovo T14,2022-09-01,2254.93,4
dev-00135,u00135,Dell 5420,2024-07-01,1672.18,4
dev-00136,u00136,HP Z2,2021-06-01,1915.09,5
dev-00137,u00137,Dell 5420,2021-05-01,2134.43,5
dev-00138,u00138,Dell 5420,2020-11-01,1622.37,6
dev-00139,u00139,HP Z2,2021-10-01,2004.45,5
dev-00140,u00140,Lenovo T14,2022-10-01,2423.83,5
dev-00141,u00141,HP Z2,2024-07-01,914.87,3
dev-00142,u00142,HP Z2,2021-04-01,964.12,3
dev-00143,u00143,Dell 5420,2023-06-01,2091.85,4
dev-00144,u00144,Lenovo T14,2021-12-01,2317.2,6
dev-00145,u00145,Lenovo T14,2020-10-01,1225.82,3
dev-00146,u00146,HP Z2,2020-08-01,2097.7,3
dev-00147,u00147,Lenovo T14,2022-02-01,1987.83,6
dev-00148,u00148,Lenovo T14,2024-09-01,1139.55,5
dev-00149,u00149,Dell 5420,2023-11-01,1286.35,4
dev-00150,u00150,HP Z2,2021-07-01,2183.52,4
dev-00151,u00151,Lenovo T14,2024-01-01,1869.5,3
dev-00152,u00152,Lenovo T14,2020-03-01,2318.59,5
dev-00153,u00153,Dell 5420,2024-09-01,2269.63,5
dev-00154,u00154,Lenovo T14,2024-08-01,1123.23,4
dev-00155,u00155,HP Z2,2023-09-01,1398.58,4
dev-00156,u00156,Lenovo T14,2023-07-01,1863.3,3
dev-00157,u00157,HP Z2,2020-03-01,2130.06,5
dev-00158,u00158,Lenovo T14,2020-08-01,1191.97,5
dev-00159,u00159,Lenovo T14,2021-05-01,2367.86,5
dev-00160,u00160,Dell 5420,2022-02-01,2283.15,4
dev-00161,u00161,Dell 5420,2020-09-01,1778.1,5
dev-00162,u00162,Dell 5420,2024-01-01,1728.1,3
dev-00163,u00163,HP Z2,2023-05-01,1910.49,3
dev-00164,u00164,Dell 5420,2023-05-01,1140.87,3
dev-00165,u00165,Lenovo T14,2021-09-01,2188.5,5
dev-00166,u00166,HP Z2,2020-04-01,1639.04,3
dev-00167,u00167,Dell 5420,2020-07-01,1816.85,3
dev-00168,u00168,HP Z2,2023-03-01,1259.86,3
dev-00169,u00169,Lenovo T14,2020-08-01,1662.93,5
dev-00170,u00170,Dell 5420,2023-05-01,2128.62,4
dev-00171,u00171,Lenovo T14,2020-01-01,2115.14,4
dev-00172,u00172,HP Z2,2024-07-01,1959.3,3
dev-00173,u00173,HP Z2,2023-01-01,1458.11,6
dev-00174,u00174,HP Z2,2021-07-01,1992.27,4
dev-00175,u00175,Lenovo T14,2023-02-01,2325.15,5
dev-00176,u00176,Dell 5420,2021-06-01,1542.09,3
dev-00177,u00177,Lenovo T14,2021-02-01,1800.65,4
dev-00178,u00178,Dell 5420,2024-10-01,877.83,3
dev-00179,u00179,HP Z2,2021-01-01,930.24,4
dev-00180,u00180,Dell 5420,2021-05-01,874.32,5
dev-00181,u00181,HP Z2,2021-05-01,1020.52,6
dev-00182,u00182,Dell 5420,2020-11-01,930.57,5
dev-00183,u00183,HP Z2,2021-08-01,1998.93,5
dev-00184,u00184,Lenovo T14,2023-12-01,1314.62,5
dev-00185,u00185,HP Z2,2022-11-01,1215.15,5
dev-00186,u00186,Dell 5420,2024-09-01,977.44,5
dev-00187,u00187,Dell 5420,2024-08-01,1275.63,4
dev-00188,u00188,Lenovo T14,2024-04-01,1318.4,4
dev-00189,u00189,Lenovo T14,2022-12-01,2187.85,4
dev-00190,u00190,Lenovo T14,2021-12-01,1548.47,6
dev-00191,u00191,Lenovo T14,2020-08-01,2221.75,5
dev-00192,u00192,Dell 5420,2024-07-01,1310.7,3
dev-00193,u00193,Lenovo T14,2022-10-01,1452.69,3
dev-00194,u00194,Dell 5420,2023-08-01,875.51,4
dev-00195,u00195,Dell 5420,2021-11-01,1532.84,3
dev-00196,u00196,HP Z2,2022-01-01,1720.63,5
dev-00197,u00197,Lenovo T14,2024-06-01,2368.59,5
dev-00198,u00198,HP Z2,2021-01-01,1379.61,6
dev-00199,u00199,Dell 5420,2020-02-01,1740.6,5
dev-00200,u00200,HP Z2,2023-07-01,1773.42,5
dev-00201,u00201,Lenovo T14,2023-08-01,2067.58,4
dev-00202,u00202,Lenovo T14,2020-05-01,2159.3,5
dev-00203,u00203,Lenovo T14,2021-09-01,1302.9,6
dev-00204,u00204,Lenovo T14,2024-05-01,1414.88,5
dev-00205,u00205,HP Z2,2024-01-01,1011.32,5
dev-00206,u00206,Dell 5420,2021-08-01,1586.63,6
dev-00207,u00207,Lenovo T14,2023-01-01,2442.01,6
dev-00208,u00208,HP Z2,2024-04-01,1494.64,3
dev-00209,u00209,Dell 5420,2024-09-01,1333.85,3
dev-00210,u00210,Dell 5420,2021-05-01,2102.16,5
dev-00211,u00211,Dell 5420,2023-03-01,1186.61,4
dev-00212,u00212,Lenovo T14,2024-11-01,884.29,3
dev-00213,u00213,HP Z2,2020-03-01,1963.55,6
dev-00214,u00214,HP Z2,2022-01-01,1740.79,4
dev-00215,u00215,Lenovo T14,2022-05-01,827.4,5
dev-00216,u00216,HP Z2,2020-10-01,1198.98,3
dev-00217,u00217,Lenovo T14,2024-08-01,992.41,3
dev-00218,u00218,Lenovo T14,2021-06-01,1769.62,6
dev-00219,u00219,Lenovo T14,2023-05-01,1043.24,5
dev-00220,u00220,HP Z2,2022-06-01,2457.67,5
dev-00221,u00221,Dell 5420,2022-10-01,852.97,5
dev-00222,u00222,Lenovo T14,2022-03-01,2350.18,3
dev-00223,u00223,Lenovo T14,2024-04-01,2173.66,5
dev-00224,u00224,Lenovo T14,2023-10-01,855.42,4
dev-00225,u00225,Dell 5420,2020-02-01,2429.66,4
dev-00226,u00226,HP Z2,2024-10-01,1871.55,6
dev-00227,u00227,HP Z2,2020-09-01,2156.95,6
dev-00228,u00228,HP Z2,2024-09-01,1549.73,5
dev-00229,u00229,Lenovo T14,2024-05-01,2348.82,5
dev-00230,u00230,Lenovo T14,2022-04-01,1574.9,3
dev-00231,u00231,HP Z2,2021-08-01,2045.76,6
dev-00232,u00232,Dell 5420,2020-06-01,1752.78,3
dev-00233,u00233,Dell 5420,2023-10-01,1191.59,6
dev-00234,u00234,Lenovo T14,2024-03-01,2373.72,4
dev-00235,u00235,Dell 5420,2024-11-01,1034.84,5
dev-00236,u00236,Dell 5420,2022-06-01,1000.54,6
dev-00237,u00237,Dell 5420,2024-03-01,1779.22,4
dev-00238,u00238,Lenovo T14,2023-01-01,1083.51,6
dev-00239,u00239,Dell 5420,2024-12-01,2381.21,3
dev-00240,u00240,Lenovo T14,2020-07-01,840.68,4
dev-00241,u00241,Lenovo T14,2021-09-01,2273.7,6
dev-00242,u00242,Dell 5420,2022-03-01,1483.94,4
dev-00243,u00243,HP Z2,2022-02-01,1372.57,5
dev-00244,u00244,HP Z2,2024-10-01,983.21,3
dev-00245,u00245,Lenovo T14,2022-08-01,2348.15,6
dev-00246,u00246,HP Z2,2023-05-01,2088.02,4
dev-00247,u00247,HP Z2,2021-12-01,2102.12,3
dev-00248,u00248,Lenovo T14,2020-10-01,1808.18,6
dev-00249,u00249,Dell 5420,2022-08-01,1100.43,5
dev-00250,u00250,Lenovo T14,2021-05-01,1638.6,3
dev-00251,u00251,HP Z2,2024-09-01,1785.71,6
dev-00252,u00252,Dell 5420,2022-07-01,1341.58,4
dev-00253,u00253,Lenovo T14,2020-12-01,2300.05,4
dev-00254,u00254,Dell 5420,2024-05-01,1777.73,5
dev-00255,u00255,Lenovo T14,2022-05-01,1081.51,5
dev-00256,u00256,Dell 5420,2023-08-01,1180.18,4
dev-00257,u00257,Dell 5420,2022-10-01,2080.9,4
dev-00258,u00258,HP Z2,2022-03-01,963.16,4
dev-00259,u00259,Lenovo T14,2024-01-01,2431.76,4
dev-00260,u00260,Lenovo T14,2023-01-01,1428.22,5
dev-00261,u00261,HP Z2,2023-12-01,1556.2,4
dev-00262,u00262,Dell 5420,2022-02-01,2017.63,3
dev-00263,u00263,Dell 5420,2023-08-01,1247.2,4
dev-00264,u00264,Dell 5420,2020-06-01,2166.19,4
dev-00265,u00265,HP Z2,2020-06-01,1066.44,5
dev-00266,u00266,Dell 5420,2023-11-01,2050.39,3
dev-00267,u00267,HP Z2,2022-01-01,1536.74,5
dev-00268,u00268,Lenovo T14,2024-11-01,2223.98,3
dev-00269,u00269,HP Z2,2020-04-01,1032.69,6
dev-00270,u00270,Lenovo T14,2021-05-01,1599.2,6
dev-00271,u00271,Lenovo T14,2023-05-01,1024.05,3
dev-00272,u00272,HP Z2,2021-01-01,1538.34,6
dev-00273,u00273,HP Z2,2024-04-01,2006.98,3
dev-00274,u00274,Dell 5420,2022-10-01,1446.49,4
dev-00275,u00275,HP Z2,2022-08-01,1701.78,4
dev-00276,u00276,Dell 5420,2021-05-01,1935.56,6
dev-00277,u00277,HP Z2,2023-10-01,1407.12,6
dev-00278,u00278,Dell 5420,2020-04-01,991.02,5
dev-00279,u00279,Dell 5420,2023-06-01,1220.57,6
dev-00280,u00280,Lenovo T14,2021-08-01,2425.74,3
dev-00281,u00281,Dell 5420,2023-12-01,1017.7,6
dev-00282,u00282,Dell 5420,2024-07-01,1968.28,3
dev-00283,u00283,Dell 5420,2022-09-01,1165.68,6
dev-00284,u00284,Lenovo T14,2024-06-01,1244.73,5
dev-00285,u00285,Dell 5420,2023-08-01,1522.84,5
dev-00286,u00286,Lenovo T14,2022-08-01,2037.92,5
dev-00287,u00287,HP Z2,2020-05-01,1560.98,4
dev-00288,u00288,HP Z2,2021-09-01,1150.54,3
dev-00289,u00289,HP Z2,2024-06-01,1019.67,3
dev-00290,u00290,HP Z2,2020-07-01,953.43,5
dev-00291,u00291,Dell 5420,2024-02-01,1913.38,4
dev-00292,u00292,Dell 5420,2024-04-01,2474.87,6
dev-00293,u00293,HP Z2,2021-05-01,2162.19,5
dev-00294,u00294,Dell 5420,2023-04-01,1740.02,4
dev-00295,u00295,Lenovo T14,2020-01-01,2083.71,3
dev-00296,u00296,HP Z2,2023-08-01,871.88,5
dev-00297,u00297,Dell 5420,2020-04-01,1873.64,4
dev-00298,u00298,Lenovo T14,2022-12-01,1010.19,6
dev-00299,u00299,HP Z2,2023-03-01,2191.1,5
dev-00300,u00300,Lenovo T14,2020-02-01,1657.67,6
dev-00301,u00301,Lenovo T14,2020-12-01,2211.43,4
dev-00302,u00302,Lenovo T14,2024-07-01,1130.28,5
dev-00303,u00303,Dell 5420,2023-09-01,2063.92,5
dev-00304,u00304,Dell 5420,2023-04-01,969.45,6
dev-00305,u00305,Dell 5420,2022-07-01,958.21,6
dev-00306,u00306,HP Z2,2022-08-01,1283.52,4
dev-00307,u00307,Dell 5420,2020-08-01,2036.85,5
dev-00308,u00308,HP Z2,2020-08-01,1180.9,3
dev-00309,u00309,Dell 5420,2021-08-01,1428.7,3
dev-00310,u00310,HP Z2,2022-06-01,1044.41,3
dev-00311,u00311,Lenovo T14,2024-03-01,1153.06,6
dev-00312,u00312,HP Z2,2021-02-01,1040.26,6
dev-00313,u00313,HP Z2,2024-04-01,900.19,6
dev-00314,u00314,Dell 5420,2023-05-01,2058.87,4
dev-00315,u00315,Lenovo T14,2022-12-01,1761.03,6
dev-00316,u00316,Lenovo T14,2022-12-01,1155.68,6
dev-00317,u00317,HP Z2,2023-06-01,2431.11,4
dev-00318,u00318,Dell 5420,2023-12-01,1621.09,3
dev-00319,u00319,Lenovo T14,2023-12-01,931.76,4
dev-00320,u00320,Lenovo T14,2021-09-01,2071.85,4
dev-00321,u00321,Lenovo T14,2023-02-01,866.41,6
dev-00322,u00322,Dell 5420,2021-11-01,2165.36,6
dev-00323,u00323,Lenovo T14,2024-07-01,1478.99,5
dev-00324,u00324,Lenovo T14,2023-05-01,2023.9,5
dev-00325,u00325,HP Z2,2022-10-01,2312.23,4
dev-00326,u00326,Lenovo T14,2022-09-01,1964.54,5
dev-00327,u00327,HP Z2,2024-05-01,1602.59,4
dev-00328,u00328,Dell 5420,2021-03-01,1691.44,6
dev-00329,u00329,Lenovo T14,2022-07-01,1104.68,6
dev-00330,u00330,Lenovo T14,2020-05-01,1992.49,4
dev-00331,u00331,HP Z2,2020-09-01,1579.61,3
dev-00332,u00332,Lenovo T14,2024-08-01,1810.57,3
dev-00333,u00333,Dell 5420,2024-04-01,1386.43,3
dev-00334,u00334,Lenovo T14,2022-05-01,2195.28,6
dev-00335,u00335,HP Z2,2022-06-01,1861.65,6
dev-00336,u00336,Dell 5420,2024-09-01,1890.72,4
dev-00337,u00337,Lenovo T14,2024-03-01,975.06,4
dev-00338,u00338,Dell 5420,2021-05-01,1758.22,4
dev-00339,u00339,HP Z2,2024-11-01,2102.29,5
dev-00340,u00340,HP Z2,2024-10-01,1271.3,6
dev-00341,u00341,Lenovo T14,2021-01-01,2131.72,4
dev-00342,u00342,Lenovo T14,2024-03-01,1043.67,6
dev-00343,u00343,Lenovo T14,2022-02-01,2323.12,3
dev-00344,u00344,Lenovo T14,2024-08-01,1523.19,6
dev-00345,u00345,Dell 5420,2022-09-01,2092.01,4
dev-00346,u00346,HP Z2,2023-07-01,2115.66,6
dev-00347,u00347,Dell 5420,2022-09-01,1338.85,3
dev-00348,u00348,HP Z2,2021-03-01,2407.33,5
dev-00349,u00349,HP Z2,2021-07-01,1752.83,6
dev-00350,u00350,HP Z2,2022-11-01,1004.41,6
dev-00351,u00351,HP Z2,2022-03-01,843.0,5
dev-00352,u00352,Dell 5420,2022-12-01,1520.93,4
dev-00353,u00353,Dell 5420,2022-03-01,2386.43,3
dev-00354,u00354,Lenovo T14,2023-06-01,1694.2,3
dev-00355,u00355,HP Z2,2022-06-01,959.98,5
dev-00356,u00356,Dell 5420,2024-01-01,1831.52,3
dev-00357,u00357,HP Z2,2022-11-01,1613.85,3
dev-00358,u00358,HP Z2,2022-05-01,1862.96,3
dev-00359,u00359,HP Z2,2023-10-01,1874.81,6
dev-00360,u00360,Lenovo T14,2023-12-01,2287.39,3
dev-00361,u00361,Lenovo T14,2022-01-01,1841.96,4
dev-00362,u00362,HP Z2,2021-03-01,940.8,3
dev-00363,u00363,Lenovo T14,2023-11-01,2008.0,5
dev-00364,u00364,Lenovo T14,2024-05-01,2471.79,4
dev-00365,u00365,HP Z2,2024-12-01,828.35,5
dev-00366,u00366,HP Z2,2021-10-01,2027.63,5
dev-00367,u00367,HP Z2,2020-11-01,1485.39,3
dev-00368,u00368,Lenovo T14,2021-09-01,1050.77,5
dev-00369,u00369,Lenovo T14,2021-08-01,875.66,4
dev-00370,u00370,HP Z2,2024-07-01,1094.05,3
dev-00371,u00371,Dell 5420,2022-09-01,1396.16,5
dev-00372,u00372,Dell 5420,2024-12-01,946.36,6
dev-00373,u00373,Lenovo T14,2020-02-01,1110.25,3
dev-00374,u00374,Lenovo T14,2022-10-01,1865.26,3
dev-00375,u00375,Lenovo T14,2020-04-01,1884.51,6
dev-00376,u00376,Lenovo T14,2021-05-01,2223.42,4
dev-00377,u00377,HP Z2,2021-05-01,890.67,5
dev-00378,u00378,Lenovo T14,2022-03-01,1760.57,6
dev-00379,u00379,Lenovo T14,2021-05-01,2302.07,4
dev-00380,u00380,Dell 5420,2022-12-01,1547.32,3
dev-00381,u00381,Dell 5420,2022-10-01,1418.14,6
dev-00382,u00382,HP Z2,2021-01-01,2414.43,6
dev-00383,u00383,Lenovo T14,2024-10-01,1158.13,6
dev-00384,u00384,Dell 5420,2022-04-01,1381.71,5
dev-00385,u00385,Lenovo T14,2024-04-01,1238.96,6
dev-00386,u00386,Dell 5420,2020-02-01,1678.95,4
dev-00387,u00387,Dell 5420,2021-08-01,1797.6,5
dev-00388,u00388,HP Z2,2023-11-01,1800.26,3
dev-00389,u00389,Dell 5420,2020-11-01,1410.1,3
dev-00390,u00390,Lenovo T14,2023-08-01,1369.01,3
dev-00391,u00391,Lenovo T14,2022-05-01,1076.67,4
dev-00392,u00392,Lenovo T14,2023-10-01,1575.96,6
dev-00393,u00393,HP Z2,2023-08-01,2217.96,5
dev-00394,u00394,HP Z2,2022-10-01,1374.39,6
dev-00395,u00395,Dell 5420,2020-04-01,2097.39,3
dev-00396,u00396,Dell 5420,2023-05-01,2421.77,6
dev-00397,u00397,HP Z2,2020-03-01,1670.75,5
dev-00398,u00398,HP Z2,2024-04-01,2417.54,4
dev-00399,u00399,Lenovo T14,2022-01-01,2449.55,5
dev-00400,u00400,Lenovo T14,2022-08-01,1473.19,6
dev-00401,u00401,Lenovo T14,2021-04-01,2301.02,5
dev-00402,u00402,Dell 5420,2020-03-01,1201.51,4
dev-00403,u00403,Dell 5420,2020-12-01,1216.05,5
dev-00404,u00404,Lenovo T14,2023-03-01,1386.01,6
dev-00405,u00405,HP Z2,2023-12-01,1161.24,6
dev-00406,u00406,HP Z2,2023-08-01,2000.58,3
dev-00407,u00407,Dell 5420,2021-06-01,2097.18,4
dev-00408,u00408,Dell 5420,2022-05-01,2193.64,6
dev-00409,u00409,HP Z2,2023-09-01,921.82,6
dev-00410,u00410,HP Z2,2024-01-01,1176.88,4
dev-00411,u00411,Lenovo T14,2022-06-01,1377.75,3
dev-00412,u00412,HP Z2,2024-07-01,2354.8,4
dev-00413,u00413,Lenovo T14,2023-04-01,875.22,5
dev-00414,u00414,Dell 5420,2020-06-01,1452.91,4
dev-00415,u00415,Dell 5420,2021-05-01,1328.86,6
dev-00416,u00416,Lenovo T14,2022-07-01,1105.18,6
dev-00417,u00417,HP Z2,2024-02-01,1590.37,3
dev-00418,u00418,Dell 5420,2020-11-01,2266.19,3
dev-00419,u00419,Lenovo T14,2022-03-01,1776.96,6
dev-00420,u00420,HP Z2,2023-01-01,1626.44,6
dev-00421,u00421,Dell 5420,2020-05-01,1522.47,3
dev-00422,u00422,HP Z2,2023-09-01,1433.8,6
dev-00423,u00423,HP Z2,2022-09-01,2452.01,3
dev-00424,u00424,Lenovo T14,2023-09-01,2091.34,3
dev-00425,u00425,Lenovo T14,2020-06-01,2411.94,5
dev-00426,u00426,Lenovo T14,2024-10-01,2036.97,6
dev-00427,u00427,Dell 5420,2020-08-01,1278.91,3
dev-00428,u00428,Dell 5420,2023-06-01,885.12,5
dev-00429,u00429,Dell 5420,2023-06-01,1947.49,3
dev-00430,u00430,HP Z2,2022-03-01,1298.51,6
dev-00431,u00431,Lenovo T14,2023-06-01,1306.06,3
dev-00432,u00432,HP Z2,2020-06-01,2044.24,6
dev-00433,u00433,Lenovo T14,2021-02-01,1709.47,4
dev-00434,u00434,HP Z2,2021-11-01,1638.87,5
dev-00435,u00435,Dell 5420,2023-12-01,1849.31,6
dev-00436,u00436,Lenovo T14,2020-06-01,1433.75,4
dev-00437,u00437,HP Z2,2020-07-01,1671.47,3
dev-00438,u00438,Dell 5420,2022-07-01,1481.26,4
dev-00439,u00439,HP Z2,2022-12-01,1909.92,3
dev-00440,u00440,Dell 5420,2020-04-01,1770.52,5
dev-00441,u00441,HP Z2,2024-09-01,2252.21,4
dev-00442,u00442,HP Z2,2020-06-01,1774.67,4
dev-00443,u00443,Dell 5420,2022-12-01,1971.07,4
dev-00444,u00444,Dell 5420,2024-11-01,877.76,6
dev-00445,u00445,Lenovo T14,2022-05-01,808.59,4
dev-00446,u00446,Lenovo T14,2023-11-01,1020.6,5
dev-00447,u00447,Dell 5420,2024-11-01,1340.87,4
dev-00448,u00448,Lenovo T14,2020-12-01,1351.84,3
dev-00449,u00449,HP Z2,2022-12-01,2010.46,6
dev-00450,u00450,HP Z2,2023-11-01,1811.89,6
dev-00451,u00451,Dell 5420,2024-01-01,1383.02,5
dev-00452,u00452,Dell 5420,2023-03-01,1585.31,6
dev-00453,u00453,Lenovo T14,2024-12-01,1089.02,6
dev-00454,u00454,Dell 5420,2023-01-01,1923.19,3
dev-00455,u00455,HP Z2,2023-09-01,2474.41,3
dev-00456,u00456,Lenovo T14,2024-06-01,1316.86,5
dev-00457,u00457,Dell 5420,2023-01-01,1065.03,4
dev-00458,u00458,HP Z2,2022-10-01,1533.6,3
dev-00459,u00459,Dell 5420,2024-12-01,1634.29,4
dev-00460,u00460,Dell 5420,2024-03-01,1443.33,3
dev-00461,u00461,Lenovo T14,2023-04-01,1159.22,3
dev-00462,u00462,HP Z2,2022-03-01,2270.32,6
dev-00463,u00463,HP Z2,2023-06-01,2077.18,6
dev-00464,u00464,HP Z2,2022-06-01,2109.85,3
dev-00465,u00465,HP Z2,2022-09-01,1710.57,6
dev-00466,u00466,Lenovo T14,2023-08-01,2086.61,5
dev-00467,u00467,Dell 5420,2021-03-01,1480.09,3
dev-00468,u00468,HP Z2,2022-08-01,1915.52,3
dev-00469,u00469,Dell 5420,2024-11-01,1510.77,6
dev-00470,u00470,Dell 5420,2021-11-01,849.37,4
dev-00471,u00471,Lenovo T14,2024-10-01,1655.71,3
dev-00472,u00472,HP Z2,2024-12-01,1494.92,3
dev-00473,u00473,Dell 5420,2024-04-01,1082.98,6
dev-00474,u00474,HP Z2,2020-06-01,838.62,6
dev-00475,u00475,HP Z2,2024-04-01,2245.53,4
dev-00476,u00476,Dell 5420,2022-12-01,2286.91,4
dev-00477,u00477,Dell 5420,2021-06-01,1025.51,3
dev-00478,u00478,Lenovo T14,2021-10-01,1584.01,4
dev-00479,u00479,HP Z2,2024-08-01,2482.51,4
dev-00480,u00480,Dell 5420,2024-11-01,988.97,5
dev-00481,u00481,Lenovo T14,2021-08-01,2027.48,3
dev-00482,u00482,Lenovo T14,2020-11-01,1950.68,6
dev-00483,u00483,Dell 5420,2020-07-01,2427.88,3
dev-00484,u00484,HP Z2,2024-11-01,2481.65,3
dev-00485,u00485,Dell 5420,2023-12-01,901.64,6
dev-00486,u00486,HP Z2,2020-06-01,1479.03,6
dev-00487,u00487,Dell 5420,2020-02-01,1048.17,5
dev-00488,u00488,HP Z2,2020-12-01,1087.22,6
dev-00489,u00489,HP Z2,2022-03-01,2352.06,6
dev-00490,u00490,Lenovo T14,2022-02-01,1361.04,3
dev-00491,u00491,Dell 5420,2023-04-01,2086.87,5
dev-00492,u00492,Dell 5420,2023-06-01,2138.54,5
dev-00493,u00493,HP Z2,2022-10-01,860.77,4
dev-00494,u00494,Lenovo T14,2024-05-01,844.1,5
dev-00495,u00495,HP Z2,2022-12-01,1295.07,4
dev-00496,u00496,HP Z2,2022-08-01,2012.23,5
dev-00497,u00497,Lenovo T14,2021-03-01,1832.66,6
dev-00498,u00498,Dell 5420,2021-01-01,2246.56,5
dev-00499,u00499,Lenovo T14,2024-01-01,1241.02,6
dev-00500,u00500,Dell 5420,2024-03-01,2453.09,4
dev-00501,u00501,HP Z2,2024-06-01,1689.67,6
dev-00502,u00502,Dell 5420,2021-09-01,1619.49,6
dev-00503,u00503,Dell 5420,2020-11-01,2409.81,5
dev-00504,u00504,Lenovo T14,2022-04-01,1181.33,5
dev-00505,u00505,HP Z2,2020-11-01,1134.8,6
dev-00506,u00506,Dell 5420,2024-11-01,2340.71,4
dev-00507,u00507,HP Z2,2021-06-01,1929.21,6
dev-00508,u00508,HP Z2,2020-06-01,1662.61,5
dev-00509,u00509,HP Z2,2024-12-01,1714.14,3
dev-00510,u00510,Lenovo T14,2023-10-01,1689.01,4
dev-00511,u00511,Dell 5420,2021-12-01,2391.77,4
dev-00512,u00512,Lenovo T14,2023-03-01,868.4,5
dev-00513,u00513,HP Z2,2022-02-01,2063.29,3
dev-00514,u00514,Lenovo T14,2024-05-01,903.47,4
dev-00515,u00515,Lenovo T14,2024-10-01,1611.38,3
dev-00516,u00516,HP Z2,2020-06-01,2143.03,3
dev-00517,u00517,Lenovo T14,2023-02-01,1551.23,6
dev-00518,u00518,Lenovo T14,2020-09-01,1801.94,6
dev-00519,u00519,Dell 5420,2024-01-01,1788.91,3
dev-00520,u00520,HP Z2,2023-11-01,1131.16,6
dev-00521,u00521,Lenovo T14,2022-07-01,1822.3,6
dev-00522,u00522,HP Z2,2021-06-01,1662.4,5
dev-00523,u00523,HP Z2,2022-05-01,2274.34,4
dev-00524,u00524,Dell 5420,2022-11-01,1754.15,5
dev-00525,u00525,HP Z2,2023-02-01,2461.29,4
dev-00526,u00526,Dell 5420,2020-06-01,2318.72,6
dev-00527,u00527,Dell 5420,2021-03-01,911.45,6
dev-00528,u00528,HP Z2,2022-02-01,2373.0,6
dev-00529,u00529,Dell 5420,2024-03-01,1129.11,3
dev-00530,u00530,Lenovo T14,2021-05-01,1653.03,5
dev-00531,u00531,HP Z2,2023-02-01,1964.07,4
dev-00532,u00532,HP Z2,2021-06-01,1065.86,6
dev-00533,u00533,Lenovo T14,2021-10-01,1926.4,5
dev-00534,u00534,HP Z2,2023-11-01,1811.89,6
dev-00535,u00535,HP Z2,2022-04-01,2385.83,6
dev-00536,u00536,Dell 5420,2022-03-01,1320.6,5
dev-00537,u00537,HP Z2,2022-08-01,1323.63,6
dev-00538,u00538,Dell 5420,2020-07-01,894.02,6
dev-00539,u00539,Dell 5420,2021-08-01,2103.98,3
dev-00540,u00540,HP Z2,2021-04-01,1925.49,5
dev-00541,u00541,Dell 5420,2022-01-01,1347.14,6
dev-00542,u00542,Dell 5420,2024-09-01,2056.33,4
dev-00543,u00543,HP Z2,2024-08-01,2255.89,3
dev-00544,u00544,Lenovo T14,2021-03-01,1353.32,6
dev-00545,u00545,HP Z2,2024-08-01,2418.48,3
dev-00546,u00546,HP Z2,2023-12-01,2431.54,6
dev-00547,u00547,Lenovo T14,2022-10-01,1796.39,3
dev-00548,u00548,Lenovo T14,2020-11-01,1382.58,5
dev-00549,u00549,Dell 5420,2022-02-01,1602.13,3
dev-00550,u00550,Dell 5420,2023-03-01,2285.72,5
dev-00551,u00551,HP Z2,2021-09-01,949.61,4
dev-00552,u00552,Dell 5420,2024-09-01,2096.74,5
dev-00553,u00553,HP Z2,2024-05-01,1972.27,4
dev-00554,u00554,Lenovo T14,2022-06-01,2338.68,6
dev-00555,u00555,HP Z2,2021-03-01,1346.15,4
dev-00556,u00556,Dell 5420,2022-06-01,1138.27,5
dev-00557,u00557,Dell 5420,2024-12-01,2385.56,4
dev-00558,u00558,Lenovo T14,2023-07-01,1473.72,6
dev-00559,u00559,Lenovo T14,2024-01-01,2352.07,5
dev-00560,u00560,Lenovo T14,2024-07-01,2492.61,5
dev-00561,u00561,HP Z2,2023-05-01,1777.19,3
dev-00562,u00562,HP Z2,2020-10-01,956.64,3
dev-00563,u00563,HP Z2,2021-09-01,2238.71,3
dev-00564,u00564,HP Z2,2023-10-01,1905.3,4
dev-00565,u00565,Lenovo T14,2023-05-01,1591.72,4
dev-00566,u00566,HP Z2,2022-02-01,1108.85,5
dev-00567,u00567,Dell 5420,2024-12-01,2057.08,6
dev-00568,u00568,Lenovo T14,2023-10-01,1299.48,6
dev-00569,u00569,Lenovo T14,2020-04-01,1348.05,4
dev-00570,u00570,Dell 5420,2021-10-01,1946.72,5
dev-00571,u00571,HP Z2,2023-11-01,1931.18,5
dev-00572,u00572,HP Z2,2024-03-01,1121.04,4
dev-00573,u00573,Lenovo T14,2022-03-01,971.52,3
dev-00574,u00574,Lenovo T14,2024-06-01,2422.92,5
dev-00575,u00575,Dell 5420,2021-11-01,1154.97,5
dev-00576,u00576,Lenovo T14,2023-05-01,1196.06,4
dev-00577,u00577,Dell 5420,2020-03-01,2291.98,6
dev-00578,u00578,Lenovo T14,2023-01-01,1554.72,4
dev-00579,u00579,Dell 5420,2020-08-01,1545.53,4
dev-00580,u00580,Lenovo T14,2023-10-01,2184.65,3
dev-00581,u00581,Lenovo T14,2024-10-01,2031.68,3
dev-00582,u00582,Lenovo T14,2021-02-01,2399.18,5
dev-00583,u00583,HP Z2,2022-07-01,1124.67,3
dev-00584,u00584,HP Z2,2022-08-01,1233.98,3
dev-00585,u00585,Dell 5420,2020-01-01,1446.05,6
dev-00586,u00586,Dell 5420,2020-06-01,1412.67,5
dev-00587,u00587,Lenovo T14,2023-11-01,1311.18,3
dev-00588,u00588,HP Z2,2023-08-01,826.95,5
dev-00589,u00589,HP Z2,2022-01-01,1039.25,4
dev-00590,u00590,Lenovo T14,2024-01-01,1017.51,4
dev-00591,u00591,Lenovo T14,2023-01-01,904.01,4
dev-00592,u00592,HP Z2,2022-06-01,1849.84,4
dev-00593,u00593,Dell 5420,2021-03-01,2391.7,4
dev-00594,u00594,HP Z2,2021-06-01,2294.43,3
dev-00595,u00595,Lenovo T14,2020-08-01,1146.93,6
dev-00596,u00596,HP Z2,2022-05-01,1857.25,3
dev-00597,u00597,Lenovo T14,2022-01-01,2310.99,3
dev-00598,u00598,HP Z2,2021-07-01,879.05,6
dev-00599,u00599,HP Z2,2024-03-01,1068.89,3
dev-00600,u00600,Dell 5420,2021-02-01,1513.8,3
dev-00601,u00601,Lenovo T14,2023-08-01,2471.73,6
dev-00602,u00602,Lenovo T14,2024-11-01,801.23,6
dev-00603,u00603,Dell 5420,2022-03-01,1348.89,5
dev-00604,u00604,HP Z2,2020-08-01,1637.76,4
dev-00605,u00605,Lenovo T14,2021-09-01,1020.67,4
dev-00606,u00606,Lenovo T14,2020-12-01,961.14,6
dev-00607,u00607,Dell 5420,2024-02-01,1224.62,5
dev-00608,u00608,Lenovo T14,2022-06-01,2007.78,6
dev-00609,u00609,HP Z2,2024-09-01,1678.74,5
dev-00610,u00610,Lenovo T14,2022-07-01,1437.11,4
dev-00611,u00611,HP Z2,2020-12-01,2340.22,6
dev-00612,u00612,HP Z2,2020-04-01,2465.2,3
dev-00613,u00613,Lenovo T14,2020-04-01,1075.2,5
dev-00614,u00614,Lenovo T14,2024-08-01,1622.54,5
dev-00615,u00615,Lenovo T14,2024-07-01,1568.58,4
dev-00616,u00616,Dell 5420,2024-05-01,1728.0,3
dev-00617,u00617,HP Z2,2022-11-01,2106.47,5
dev-00618,u00618,Dell 5420,2021-05-01,1379.67,6
dev-00619,u00619,HP Z2,2023-11-01,964.06,5
dev-00620,u00620,HP Z2,2022-02-01,2129.32,6
dev-00621,u00621,HP Z2,2020-09-01,1014.59,4
dev-00622,u00622,Dell 5420,2020-02-01,1735.79,5
dev-00623,u00623,Lenovo T14,2022-05-01,1569.36,3
dev-00624,u00624,HP Z2,2021-07-01,2194.05,4
dev-00625,u00625,Lenovo T14,2021-01-01,1137.75,5
dev-00626,u00626,HP Z2,2024-03-01,1756.9,3
dev-00627,u00627,HP Z2,2022-09-01,1191.72,4
dev-00628,u00628,Dell 5420,2021-02-01,1956.67,4
dev-00629,u00629,HP Z2,2021-09-01,2401.73,6
dev-00630,u00630,Lenovo T14,2022-01-01,2430.4,6
dev-00631,u00631,Dell 5420,2023-09-01,2452.42,6
dev-00632,u00632,Dell 5420,2022-03-01,2026.63,5
dev-00633,u00633,Lenovo T14,2020-05-01,2004.18,5
dev-00634,u00634,Lenovo T14,2024-10-01,2430.77,3
dev-00635,u00635,Dell 5420,2021-03-01,1617.58,4
dev-00636,u00636,Lenovo T14,2023-03-01,1898.34,6
dev-00637,u00637,HP Z2,2021-04-01,2218.36,3
dev-00638,u00638,Lenovo T14,2022-03-01,2317.49,3
dev-00639,u00639,HP Z2,2024-11-01,1058.14,6
dev-00640,u00640,Lenovo T14,2022-06-01,818.31,3
dev-00641,u00641,HP Z2,2022-09-01,974.44,6
dev-00642,u00642,Lenovo T14,2023-05-01,2197.81,6
dev-00643,u00643,Lenovo T14,2020-12-01,1380.34,5
dev-00644,u00644,Lenovo T14,2023-05-01,991.82,6
dev-00645,u00645,Dell 5420,2024-03-01,2289.61,6
dev-00646,u00646,Dell 5420,2021-09-01,975.19,5
dev-00647,u00647,Lenovo T14,2023-12-01,2437.52,6
dev-00648,u00648,Lenovo T14,2020-05-01,2231.95,5
dev-00649,u00649,Dell 5420,2024-06-01,1513.4,5
dev-00650,u00650,Dell 5420,2020-01-01,971.92,6
dev-00651,u00651,Lenovo T14,2024-08-01,1176.36,6
dev-00652,u00652,HP Z2,2022-02-01,2495.41,6
dev-00653,u00653,HP Z2,2024-10-01,1438.9,6
dev-00654,u00654,Lenovo T14,2024-02-01,1803.58,3
dev-00655,u00655,HP Z2,2020-02-01,2443.44,4
dev-00656,u00656,Dell 5420,2024-11-01,2005.82,6
dev-00657,u00657,Dell 5420,2020-06-01,1900.05,6
dev-00658,u00658,Dell 5420,2024-09-01,863.37,6
dev-00659,u00659,HP Z2,2023-11-01,2343.74,4
dev-00660,u00660,HP Z2,2021-01-01,1871.89,5
dev-00661,u00661,Lenovo T14,2022-07-01,2163.22,6
dev-00662,u00662,Dell 5420,2022-11-01,1384.88,4
dev-00663,u00663,Dell 5420,2023-01-01,1351.67,5
dev-00664,u00664,Lenovo T14,2021-09-01,2110.38,5
dev-00665,u00665,HP Z2,2023-06-01,2127.65,4
dev-00666,u00666,Dell 5420,2020-06-01,1398.07,4
dev-00667,u00667,Dell 5420,2022-02-01,2354.09,3
dev-00668,u00668,HP Z2,2023-06-01,1857.06,4
dev-00669,u00669,Dell 5420,2021-05-01,2255.16,6
dev-00670,u00670,Dell 5420,2022-08-01,2322.83,4
dev-00671,u00671,Lenovo T14,2022-01-01,989.52,5
dev-00672,u00672,HP Z2,2024-05-01,2086.51,4
dev-00673,u00673,Dell 5420,2024-12-01,929.09,3
dev-00674,u00674,Lenovo T14,2024-11-01,1487.88,5
dev-00675,u00675,Lenovo T14,2022-09-01,1401.46,4
dev-00676,u00676,Dell 5420,2020-12-01,2184.77,5
dev-00677,u00677,HP Z2,2024-02-01,1350.52,4
dev-00678,u00678,Dell 5420,2020-04-01,1731.58,5
dev-00679,u00679,Lenovo T14,2023-04-01,2216.52,4
dev-00680,u00680,Lenovo T14,2021-08-01,1901.42,4
dev-00681,u00681,Lenovo T14,2020-05-01,1214.26,3
dev-00682,u00682,HP Z2,2023-08-01,1504.69,4
dev-00683,u00683,Dell 5420,2021-09-01,1787.52,6
dev-00684,u00684,HP Z2,2022-12-01,2154.56,5
dev-00685,u00685,Dell 5420,2023-06-01,1419.67,4
dev-00686,u00686,Dell 5420,2024-06-01,930.97,4
dev-00687,u00687,Dell 5420,2021-09-01,1784.23,3
dev-00688,u00688,HP Z2,2023-09-01,1332.92,4
dev-00689,u00689,HP Z2,2022-12-01,1993.65,4
dev-00690,u00690,Dell 5420,2022-10-01,2222.24,6
dev-00691,u00691,HP Z2,2023-08-01,1804.81,3
dev-00692,u00692,Lenovo T14,2020-09-01,1562.4,3
dev-00693,u00693,Dell 5420,2023-12-01,1051.4,5
dev-00694,u00694,Lenovo T14,2022-10-01,1228.42,3
dev-00695,u00695,HP Z2,2024-08-01,1532.41,4
dev-00696,u00696,Dell 5420,2021-11-01,1568.59,5
dev-00697,u00697,Dell 5420,2021-10-01,2157.31,6
dev-00698,u00698,Lenovo T14,2024-11-01,1797.68,3
dev-00699,u00699,HP Z2,2020-12-01,2082.59,3
dev-00700,u00700,Lenovo T14,2024-02-01,1700.61,4
dev-00701,u00701,HP Z2,2021-04-01,2465.63,4
dev-00702,u00702,Lenovo T14,2020-11-01,2379.0,3
dev-00703,u00703,Dell 5420,2020-02-01,2408.45,6
dev-00704,u00704,Dell 5420,2023-12-01,1606.49,5
dev-00705,u00705,Lenovo T14,2020-05-01,1403.77,6
dev-00706,u00706,Dell 5420,2023-02-01,1113.76,6
dev-00707,u00707,Lenovo T14,2021-06-01,2475.58,3
dev-00708,u00708,Dell 5420,2023-02-01,1690.57,3
dev-00709,u00709,HP Z2,2020-09-01,900.55,5
dev-00710,u00710,Lenovo T14,2021-01-01,2438.12,3
dev-00711,u00711,Lenovo T14,2022-07-01,1320.65,5
dev-00712,u00712,Lenovo T14,2021-04-01,1882.02,6
dev-00713,u00713,Lenovo T14,2024-04-01,2458.82,3
dev-00714,u00714,HP Z2,2021-10-01,1436.09,4
dev-00715,u00715,Dell 5420,2021-09-01,1053.04,6
dev-00716,u00716,Lenovo T14,2024-01-01,2390.0,3
dev-00717,u00717,Dell 5420,2022-02-01,1393.39,4
dev-00718,u00718,HP Z2,2024-03-01,2330.39,6
dev-00719,u00719,Lenovo T14,2024-03-01,2495.48,5
dev-00720,u00720,Dell 5420,2024-07-01,2132.91,3
dev-00721,u00721,HP Z2,2024-02-01,1375.18,5
dev-00722,u00722,Lenovo T14,2021-08-01,1120.18,6
dev-00723,u00723,Lenovo T14,2022-01-01,2358.24,6
dev-00724,u00724,HP Z2,2024-02-01,2241.22,3
dev-00725,u00725,HP Z2,2022-09-01,1757.09,6
dev-00726,u00726,HP Z2,2021-05-01,1344.54,6
dev-00727,u00727,Lenovo T14,2022-11-01,1524.74,6
dev-00728,u00728,Dell 5420,2020-08-01,840.52,3
dev-00729,u00729,Dell 5420,2024-08-01,1836.43,5
dev-00730,u00730,Dell 5420,2022-11-01,1988.13,3
dev-00731,u00731,Lenovo T14,2020-05-01,2316.56,4
dev-00732,u00732,HP Z2,2022-12-01,881.53,3
dev-00733,u00733,Lenovo T14,2022-07-01,1120.01,3
dev-00734,u00734,HP Z2,2023-12-01,1664.24,4
dev-00735,u00735,HP Z2,2022-11-01,1988.61,4
dev-00736,u00736,Lenovo T14,2023-03-01,2317.01,5
dev-00737,u00737,Lenovo T14,2021-08-01,1151.45,3
dev-00738,u00738,Lenovo T14,2023-04-01,2330.55,3
dev-00739,u00739,Dell 5420,2020-04-01,1921.31,5
dev-00740,u00740,Lenovo T14,2023-04-01,1432.03,6
dev-00741,u00741,Lenovo T14,2021-03-01,1817.88,5
dev-00742,u00742,Dell 5420,2024-12-01,2268.36,5
dev-00743,u00743,Lenovo T14,2022-07-01,1973.48,6
dev-00744,u00744,Dell 5420,2023-05-01,2232.48,4
dev-00745,u00745,Dell 5420,2022-10-01,817.73,6
dev-00746,u00746,Lenovo T14,2023-03-01,1927.04,4
dev-00747,u00747,Lenovo T14,2020-02-01,1070.17,6
dev-00748,u00748,Lenovo T14,2021-09-01,1356.54,5
dev-00749,u00749,HP Z2,2023-05-01,1711.64,5
dev-00750,u00750,HP Z2,2022-02-01,2093.68,6
dev-00751,u00751,Lenovo T14,2020-09-01,2238.97,4
dev-00752,u00752,Lenovo T14,2024-01-01,1597.23,3
dev-00753,u00753,Lenovo T14,2021-01-01,2216.26,4
dev-00754,u00754,Lenovo T14,2020-04-01,1541.11,5
dev-00755,u00755,Dell 5420,2021-08-01,1814.9,3
dev-00756,u00756,HP Z2,2024-04-01,2106.53,5
dev-00757,u00757,Lenovo T14,2024-01-01,2412.6,5
dev-00758,u00758,Dell 5420,2021-06-01,1585.46,3
dev-00759,u00759,Dell 5420,2023-03-01,2409.6,3
dev-00760,u00760,Lenovo T14,2021-11-01,1130.38,6
dev-00761,u00761,Lenovo T14,2023-02-01,2233.82,5
dev-00762,u00762,HP Z2,2021-03-01,1730.11,5
dev-00763,u00763,Lenovo T14,2020-11-01,910.72,3
dev-00764,u00764,HP Z2,2021-12-01,2385.76,5
dev-00765,u00765,Lenovo T14,2021-02-01,1963.34,3
dev-00766,u00766,Dell 5420,2020-10-01,899.31,6
dev-00767,u00767,HP Z2,2020-04-01,2095.7,3
dev-00768,u00768,HP Z2,2024-02-01,833.65,6
dev-00769,u00769,HP Z2,2023-05-01,1965.54,6
dev-00770,u00770,Dell 5420,2021-11-01,1633.96,5
dev-00771,u00771,Dell 5420,2023-08-01,2363.03,4
dev-00772,u00772,Dell 5420,2024-06-01,1180.53,5
dev-00773,u00773,HP Z2,2021-07-01,2498.54,4
dev-00774,u00774,Dell 5420,2020-07-01,2169.27,4
dev-00775,u00775,Lenovo T14,2023-07-01,2008.17,4
dev-00776,u00776,Dell 5420,2021-11-01,1400.0,6
dev-00777,u00777,Dell 5420,2023-08-01,2046.86,6
dev-00778,u00778,Dell 5420,2023-06-01,1374.26,6
dev-00779,u00779,Lenovo T14,2024-04-01,1218.21,4
dev-00780,u00780,HP Z2,2021-12-01,1920.85,5
dev-00781,u00781,Dell 5420,2024-07-01,1437.19,5
dev-00782,u00782,Lenovo T14,2023-03-01,1599.4,6
dev-00783,u00783,Dell 5420,2024-07-01,886.51,4
dev-00784,u00784,Dell 5420,2024-03-01,1921.41,6
dev-00785,u00785,Lenovo T14,2023-01-01,1979.75,6
dev-00786,u00786,HP Z2,2021-05-01,2472.18,4
dev-00787,u00787,HP Z2,2023-10-01,2129.16,4
dev-00788,u00788,Lenovo T14,2023-06-01,1596.59,4
dev-00789,u00789,Dell 5420,2022-10-01,2386.13,3
dev-00790,u00790,HP Z2,2020-02-01,945.78,3
dev-00791,u00791,Lenovo T14,2022-02-01,1332.6,5
dev-00792,u00792,Lenovo T14,2021-04-01,1322.86,3
dev-00793,u00793,Dell 5420,2024-06-01,1791.86,6
dev-00794,u00794,Dell 5420,2022-12-01,1097.87,5
dev-00795,u00795,Lenovo T14,2024-03-01,2331.39,4
dev-00796,u00796,Lenovo T14,2023-02-01,1704.92,6
dev-00797,u00797,Lenovo T14,2024-09-01,1868.76,5
dev-00798,u00798,HP Z2,2021-02-01,1928.58,4
dev-00799,u00799,Dell 5420,2020-01-01,1030.52,6
dev-00800,u00800,Dell 5420,2023-08-01,1089.78,3
dev-00801,u00801,HP Z2,2022-08-01,1794.32,4
dev-00802,u00802,Dell 5420,2020-08-01,2409.23,5
dev-00803,u00803,Dell 5420,2020-06-01,917.11,4
dev-00804,u00804,HP Z2,2022-11-01,1469.15,4
dev-00805,u00805,Lenovo T14,2021-11-01,1345.19,3
dev-00806,u00806,Dell 5420,2024-08-01,827.12,6
dev-00807,u00807,Lenovo T14,2022-05-01,1126.44,5
dev-00808,u00808,HP Z2,2020-08-01,1341.56,4
dev-00809,u00809,Lenovo T14,2021-12-01,1321.28,6
dev-00810,u00810,Dell 5420,2022-01-01,1263.82,6
dev-00811,u00811,HP Z2,2020-06-01,1737.17,4
dev-00812,u00812,HP Z2,2020-12-01,1775.21,5
dev-00813,u00813,Dell 5420,2021-08-01,1446.03,3
dev-00814,u00814,HP Z2,2022-12-01,1437.74,5
dev-00815,u00815,HP Z2,2023-07-01,2002.38,4
dev-00816,u00816,Dell 5420,2022-09-01,1127.94,5
dev-00817,u00817,Dell 5420,2020-08-01,2361.92,3
dev-00818,u00818,HP Z2,2022-09-01,2322.89,3
dev-00819,u00819,Lenovo T14,2020-04-01,926.5,5
dev-00820,u00820,Lenovo T14,2021-10-01,2162.48,3
dev-00821,u00821,Lenovo T14,2020-12-01,822.86,5
dev-00822,u00822,HP Z2,2020-03-01,1790.68,6
dev-00823,u00823,HP Z2,2022-11-01,979.92,3
dev-00824,u00824,Lenovo T14,2021-04-01,2360.6,3
dev-00825,u00825,Lenovo T14,2020-12-01,2417.37,3
dev-00826,u00826,Dell 5420,2021-04-01,885.0,3
dev-00827,u00827,Dell 5420,2022-11-01,1699.87,6
dev-00828,u00828,Lenovo T14,2023-10-01,2000.67,6
dev-00829,u00829,Dell 5420,2024-01-01,1552.28,3
dev-00830,u00830,Lenovo T14,2021-04-01,1247.54,4
dev-00831,u00831,HP Z2,2020-12-01,2094.83,4
dev-00832,u00832,Lenovo T14,2022-04-01,1076.12,5
dev-00833,u00833,HP Z2,2023-09-01,1889.01,4
dev-00834,u00834,Dell 5420,2022-06-01,2050.25,3
dev-00835,u00835,HP Z2,2022-05-01,2082.31,3
dev-00836,u00836,Lenovo T14,2020-08-01,1385.18,3
dev-00837,u00837,HP Z2,2023-02-01,1945.86,6
dev-00838,u00838,Lenovo T14,2020-06-01,1799.84,5
dev-00839,u00839,HP Z2,2024-11-01,2430.8,5
dev-00840,u00840,HP Z2,2022-08-01,1408.79,6
dev-00841,u00841,Dell 5420,2023-05-01,2097.8,5
dev-00842,u00842,HP Z2,2021-04-01,1798.29,3
dev-00843,u00843,HP Z2,2022-07-01,1590.41,6
dev-00844,u00844,Dell 5420,2023-08-01,2276.76,6
dev-00845,u00845,Dell 5420,2021-03-01,2054.36,6
dev-00846,u00846,Dell 5420,2020-03-01,2140.05,6
dev-00847,u00847,HP Z2,2021-07-01,1421.71,6
dev-00848,u00848,HP Z2,2021-03-01,1807.99,4
dev-00849,u00849,Lenovo T14,2020-01-01,1465.2,4
dev-00850,u00850,Dell 5420,2022-04-01,836.86,6
dev-00851,u00851,Lenovo T14,2022-09-01,1272.04,4
dev-00852,u00852,Dell 5420,2024-12-01,1648.53,6
dev-00853,u00853,Lenovo T14,2023-11-01,901.59,3
dev-00854,u00854,Lenovo T14,2022-12-01,1610.39,5
dev-00855,u00855,Lenovo T14,2021-09-01,2403.67,4
dev-00856,u00856,Dell 5420,2023-01-01,2426.66,4
dev-00857,u00857,Dell 5420,2022-11-01,1851.42,3
dev-00858,u00858,HP Z2,2021-09-01,1279.23,5
dev-00859,u00859,HP Z2,2021-06-01,1761.06,6
dev-00860,u00860,Lenovo T14,2020-08-01,1429.01,4
dev-00861,u00861,Lenovo T14,2022-12-01,1196.85,5
dev-00862,u00862,HP Z2,2023-05-01,1743.49,5
dev-00863,u00863,HP Z2,2021-03-01,2441.31,4
dev-00864,u00864,HP Z2,2024-10-01,1202.93,4
dev-00865,u00865,Dell 5420,2024-08-01,2313.95,5
dev-00866,u00866,HP Z2,2020-07-01,2075.33,5
dev-00867,u00867,Lenovo T14,2024-08-01,1586.57,5
dev-00868,u00868,Lenovo T14,2023-07-01,2121.64,5
dev-00869,u00869,HP Z2,2021-06-01,2241.21,3
dev-00870,u00870,Dell 5420,2021-04-01,1876.22,5
dev-00871,u00871,Dell 5420,2024-08-01,1755.19,5
dev-00872,u00872,Dell 5420,2023-06-01,1828.11,4
dev-00873,u00873,HP Z2,2021-10-01,1828.64,5
dev-00874,u00874,HP Z2,2020-12-01,2304.11,5
dev-00875,u00875,Lenovo T14,2023-07-01,1991.1,3
dev-00876,u00876,Dell 5420,2022-04-01,1044.9,3
dev-00877,u00877,Lenovo T14,2023-02-01,1426.67,4
dev-00878,u00878,Dell 5420,2023-09-01,1066.86,6
dev-00879,u00879,Dell 5420,2020-05-01,1575.1,4
dev-00880,u00880,HP Z2,2024-08-01,1284.1,4
dev-00881,u00881,Dell 5420,2020-02-01,889.12,5
dev-00882,u00882,HP Z2,2023-06-01,1040.98,6
dev-00883,u00883,HP Z2,2020-11-01,1538.24,5
dev-00884,u00884,Dell 5420,2021-06-01,1842.24,3
dev-00885,u00885,HP Z2,2022-06-01,1761.55,3
dev-00886,u00886,HP Z2,2020-12-01,2019.36,4
dev-00887,u00887,Dell 5420,2020-02-01,1037.85,3
dev-00888,u00888,HP Z2,2021-12-01,1199.52,5
dev-00889,u00889,Dell 5420,2022-02-01,1501.49,3
dev-00890,u00890,Dell 5420,2023-09-01,905.66,6
dev-00891,u00891,HP Z2,2023-12-01,1063.47,3
dev-00892,u00892,Lenovo T14,2023-03-01,995.92,5
dev-00893,u00893,Lenovo T14,2021-01-01,1896.09,3
dev-00894,u00894,Lenovo T14,2021-08-01,872.07,4
dev-00895,u00895,Lenovo T14,2021-03-01,1650.99,5
dev-00896,u00896,Dell 5420,2023-01-01,1667.42,5
dev-00897,u00897,Dell 5420,2020-11-01,2015.06,6
dev-00898,u00898,HP Z2,2020-01-01,1140.21,3
dev-00899,u00899,Lenovo T14,2021-10-01,1635.49,5
dev-00900,u00900,HP Z2,2020-10-01,2298.8,4
dev-00901,u00901,Dell 5420,2021-03-01,1711.59,5
dev-00902,u00902,Dell 5420,2024-06-01,1668.5,4
dev-00903,u00903,Lenovo T14,2024-05-01,1368.63,5
dev-00904,u00904,Dell 5420,2023-02-01,1905.79,6
dev-00905,u00905,Lenovo T14,2023-10-01,2445.15,6
dev-00906,u00906,Lenovo T14,2021-02-01,870.82,3
dev-00907,u00907,HP Z2,2021-04-01,2091.59,5
dev-00908,u00908,HP Z2,2021-10-01,2190.36,5
dev-00909,u00909,Dell 5420,2020-11-01,1864.4,5
dev-00910,u00910,Lenovo T14,2024-01-01,1326.83,4
dev-00911,u00911,Lenovo T14,2022-04-01,1649.31,6
dev-00912,u00912,HP Z2,2022-08-01,2473.19,4
dev-00913,u00913,Dell 5420,2023-09-01,1814.46,4
dev-00914,u00914,Lenovo T14,2024-02-01,2303.5,3
dev-00915,u00915,HP Z2,2020-01-01,2409.54,3
dev-00916,u00916,Dell 5420,2023-07-01,2038.87,4
dev-00917,u00917,Lenovo T14,2020-06-01,1166.02,4
dev-00918,u00918,Dell 5420,2022-02-01,1275.96,3
dev-00919,u00919,Dell 5420,2020-02-01,1313.49,5
dev-00920,u00920,Dell 5420,2021-02-01,2362.99,3
dev-00921,u00921,Dell 5420,2021-01-01,991.4,4
dev-00922,u00922,Dell 5420,2024-12-01,1747.66,5
dev-00923,u00923,Lenovo T14,2024-08-01,907.58,4
dev-00924,u00924,Lenovo T14,2020-07-01,1952.63,3
dev-00925,u00925,Lenovo T14,2023-07-01,2211.77,6
dev-00926,u00926,Lenovo T14,2020-10-01,2325.59,3
dev-00927,u00927,Dell 5420,2022-12-01,1614.59,5
dev-00928,u00928,Lenovo T14,2022-04-01,1199.19,6
dev-00929,u00929,Lenovo T14,2020-10-01,2220.17,6
dev-00930,u00930,HP Z2,2023-04-01,2016.47,3
dev-00931,u00931,Dell 5420,2022-02-01,1816.68,6
dev-00932,u00932,Dell 5420,2024-03-01,1434.55,5
dev-00933,u00933,HP Z2,2024-09-01,1047.68,5
dev-00934,u00934,Dell 5420,2021-10-01,1483.02,6
dev-00935,u00935,Dell 5420,2022-03-01,2184.19,6
dev-00936,u00936,HP Z2,2024-07-01,1412.56,6
dev-00937,u00937,Lenovo T14,2024-05-01,2304.11,5
dev-00938,u00938,Dell 5420,2023-08-01,2081.3,4
dev-00939,u00939,Lenovo T14,2022-09-01,2361.11,4
dev-00940,u00940,HP Z2,2022-09-01,1875.59,4
dev-00941,u00941,HP Z2,2021-04-01,2201.97,6
dev-00942,u00942,Lenovo T14,2023-02-01,2483.86,3
dev-00943,u00943,HP Z2,2020-10-01,806.87,4
dev-00944,u00944,HP Z2,2021-11-01,2006.58,5
dev-00945,u00945,Dell 5420,2020-06-01,2044.15,5
dev-00946,u00946,HP Z2,2023-09-01,1916.72,6
dev-00947,u00947,Lenovo T14,2024-06-01,2074.7,3
dev-00948,u00948,Lenovo T14,2023-03-01,2218.39,4
dev-00949,u00949,HP Z2,2020-09-01,2159.89,6
dev-00950,u00950,Lenovo T14,2020-12-01,2415.19,4
dev-00951,u00951,Dell 5420,2022-04-01,1721.34,3
dev-00952,u00952,Lenovo T14,2020-01-01,852.87,3
dev-00953,u00953,Lenovo T14,2021-11-01,921.27,5
dev-00954,u00954,Dell 5420,2020-07-01,2406.29,6
dev-00955,u00955,Lenovo T14,2024-05-01,1383.39,5
dev-00956,u00956,Lenovo T14,2022-07-01,1852.74,6
dev-00957,u00957,HP Z2,2024-10-01,871.19,6
dev-00958,u00958,Lenovo T14,2023-06-01,1397.54,5
dev-00959,u00959,HP Z2,2023-07-01,2079.96,3
dev-00960,u00960,Dell 5420,2024-10-01,2297.08,6
dev-00961,u00961,Lenovo T14,2023-01-01,2436.71,3
dev-00962,u00962,Dell 5420,2022-09-01,956.48,4
dev-00963,u00963,HP Z2,2020-08-01,1445.75,5
dev-00964,u00964,Lenovo T14,2024-08-01,858.38,5
dev-00965,u00965,HP Z2,2023-04-01,1843.32,3
dev-00966,u00966,Lenovo T14,2021-10-01,2266.62,3
dev-00967,u00967,HP Z2,2023-02-01,1653.52,6
dev-00968,u00968,Dell 5420,2024-07-01,2162.22,3
dev-00969,u00969,Dell 5420,2024-02-01,1986.97,6
dev-00970,u00970,Lenovo T14,2023-05-01,2251.04,3
dev-00971,u00971,Dell 5420,2024-06-01,1525.44,4
dev-00972,u00972,Lenovo T14,2021-08-01,1626.62,3
dev-00973,u00973,Dell 5420,2021-07-01,874.59,4
dev-00974,u00974,Lenovo T14,2022-11-01,1792.07,6
dev-00975,u00975,Lenovo T14,2023-12-01,2411.67,3
dev-00976,u00976,Lenovo T14,2021-03-01,1024.4,3
dev-00977,u00977,Dell 5420,2023-06-01,2150.37,6
dev-00978,u00978,Lenovo T14,2024-12-01,1426.09,3
dev-00979,u00979,Dell 5420,2023-01-01,1274.13,6
dev-00980,u00980,Lenovo T14,2020-02-01,1246.72,5
dev-00981,u00981,Dell 5420,2023-09-01,2362.77,4
dev-00982,u00982,Lenovo T14,2020-03-01,946.84,4
dev-00983,u00983,HP Z2,2021-08-01,1921.77,5
dev-00984,u00984,HP Z2,2022-08-01,913.59,4
dev-00985,u00985,HP Z2,2023-02-01,1751.43,4
dev-00986,u00986,Lenovo T14,2021-05-01,1026.47,6
dev-00987,u00987,Lenovo T14,2022-01-01,1667.33,3
dev-00988,u00988,Lenovo T14,2024-11-01,1252.01,3
dev-00989,u00989,Dell 5420,2021-06-01,2365.24,6
dev-00990,u00990,Lenovo T14,2021-11-01,1607.09,6
dev-00991,u00991,Lenovo T14,2020-03-01,1459.36,3
dev-00992,u00992,Lenovo T14,2021-09-01,1047.18,3
dev-00993,u00993,Dell 5420,2024-02-01,1762.47,4
dev-00994,u00994,HP Z2,2023-11-01,1414.93,4
dev-00995,u00995,Dell 5420,2023-01-01,2079.03,3
dev-00996,u00996,Dell 5420,2023-01-01,1127.43,5
dev-00997,u00997,Dell 5420,2023-10-01,2221.83,4
dev-00998,u00998,HP Z2,2021-08-01,1845.32,6
dev-00999,u00999,HP Z2,2021-04-01,1818.26,5
dev-01000,u01000,Dell 5420,2020-07-01,1819.7,6
